结构类型,Vs30,地下层数,层数,T1,总高度,底层层高,标准层高,横向长度,纵向长度,PGA（m/s²）,PGV（m/s）,PGD（m）,PGV/PGA（s）,Ia(m/s),CAA(m/s),TBD(D5-95)(s),ASI(m/s²·s),HI(m),ERA(m/s²),Sa(m/s²),IDR,破坏状态
砌体,368.72,0,2,0.112,6.375,3.125,3.25,10.125,9.125,1.64325586341035,0.09179165009728579,0.01392842634026354,0.05585962121978068,0.1939756463447057,2.366723923690981,4.155,1.312013050381936,0.653710295610998,0.2617252672577947,2.57112896811485,0.0016857022443830232,中等破坏
框架,136.0,0,3,0.565,12.5,4.11,4.11,45.72,38.1,0.036895,0.001689,0.000135,0.045777,0.000102,0.083445,11.315,0.031498,0.005552,0.088271,0.024323,4.799513973268529e-05,基本完好
剪力墙,671.52,0,10,0.91,32.1,6.0,2.9,30.6,30.6,0.3785620892235,0.0902468159753392,0.12287829840618013,0.23839369695061624,0.026099566906849,1.8583032738462757,22.79074217682927,0.3277094403498739,0.1891258875266823,0.08021564322123946,0.5037406231452738,0.001222809336020065,轻微破坏
框剪,362.98,0,10,2.097,40.2,5.4,3.9,23.4,23.4,0.764664628387866,0.04866479329744602,0.009357073653082453,0.06364200917733762,0.05265434639170036,1.707217614534301,8.175,0.8410568215100312,0.4268237128846117,0.1106982873631644,0.6495408037234067,0.002003533333333333,轻微破坏
框剪,341.56,0,10,2.097,40.2,5.4,3.9,23.4,23.4,0.0391951010402,0.014218123766120602,0.017186746012684703,0.36275257337742156,0.0006598411625697162,0.5273492400221211,76.15496726127375,0.02601821514142138,0.028680465669910945,0.00697737778767242,0.038044367568989775,0.0007908459581851498,基本完好
框架,418.0,1,8,1.487,45.42,4.88,6.17,62.3,28.37,0.240842,0.006038,0.000281,0.025071,0.001443,0.231994,5.195,0.105885,0.018066,0.293605,0.006097,1.1033634126333062e-05,基本完好
砌体,371.07,0,3,0.119,9.0,3.0,3.0,4.6,3.0,0.4119796339887102,0.04899457564616627,0.01215245880533423,0.1189247516237876,0.0638861823791922,3.152541043915016,25.62,0.4812700595601981,0.4026464741844118,0.08388542456149542,0.4311325458229917,0.00030433887785006713,基本完好
剪力墙,484.45,0,10,0.91,32.1,6.0,2.9,30.6,30.6,1.859469307115,0.3133086845253855,0.18045860740259226,0.16849360370001998,0.45523381794319906,6.954319938115556,13.465844785556897,1.263729621261664,1.0116548364454117,0.43583500679661696,5.3738868158463475,0.00451158849718968,严重破坏
砌体,575.54,0,2,0.112,6.375,3.125,3.25,10.125,9.125,1.111969178845,0.3297208138244025,0.4135207986880763,0.2965197418213361,0.5912542541507302,10.164583124250315,27.952194884522378,1.175180482156141,0.8694072877193914,0.3447472697886509,1.4794258119410175,0.002241754923753237,严重破坏
框架,358.36,0,10,2.285,34.8,4.2,3.4,96.9,22.2,0.0922384275183,0.007039370749222728,0.0006205292430314832,0.07631711574686292,0.0011458380832719038,0.31624814155193015,17.088064532090733,0.0924873467235745,0.01564829737972321,0.01941050535701433,0.005554799487600521,0.0003509031896420376,基本完好
剪力墙,300.77,0,10,0.91,32.1,6.0,2.9,30.6,30.6,0.6175046468675,0.12746423353919376,0.08455773740282366,0.2064182580419418,0.12454478592840691,4.930180277440131,29.140195092269423,0.4911757049228091,0.6035790216001222,0.15496663464787158,1.4465596672709975,0.002715024712329611,中等破坏
框剪,456.18,0,10,2.097,40.2,5.4,3.9,23.4,23.4,0.2975479806425,0.07632450748562576,0.07856846993618481,0.25651159628378944,0.03073972206882141,2.222626322077028,30.930627292500365,0.2837979321491945,0.2772308232220321,0.07472695026807945,0.5560560014735507,0.003812517383584841,中等破坏
砌体,382.5,0,3,0.119,9.0,3.0,3.0,4.6,3.0,0.1786833411895,0.015306936365356042,0.008776858289504962,0.08566515637919764,0.007140797269523624,1.0085445792252072,25.817744477198968,0.1511788216534988,0.05110911563851393,0.03942174611062144,0.3451234614633134,0.0001477362650709618,基本完好
框架,329.0,1,4,0.752,18.29,4.57,4.63,60.45,60.45,0.060963,0.010389,0.008583,0.170422,0.001874,0.684127,44.98,0.067269,0.021871,0.18236,0.109698,7.658643326039454e-07,基本完好
剪力墙,271.0,1,4,0.535,23.57,3.35,5.03,22.71,21.49,0.126882,0.004933,0.000324,0.038876,0.000909,0.253962,13.36,0.076448,0.013994,0.213169,0.073199,1.5869980879541104e-05,基本完好
剪力墙,375.16,0,16,1.91,49.5,6.0,2.9,30.6,30.6,3.012337577309104,0.113978643474554,0.01475835279525351,0.03783727439219151,0.3988688808247825,3.968312989791841,4.49,2.603961557337477,0.8833951387214656,0.2495667900277294,0.9231173204627683,0.002503344827586205,中等破坏
框剪,335.0,1,3,0.41,12.95,2.13,5.47,94.99,58.6,0.042106,0.002725,0.000204,0.06471,0.000289,0.204541,28.55,0.035198,0.010322,0.100698,0.205014,5.2882703777335975e-05,基本完好
剪力墙,297.07,0,16,1.91,49.5,6.0,2.9,30.6,30.6,1.466987978303809,0.07028911324756577,0.01485005286306176,0.04791389860524754,0.2271054781641556,4.184047366119317,13.595,1.840591558250417,0.7386897756178817,0.1883152630148278,1.084984736349565,0.002224413793103449,中等破坏
框剪,324.79,0,10,2.097,40.2,5.4,3.9,23.4,23.4,0.6678853891512255,0.1655803151872507,0.1378649733892172,0.2479172592735956,0.1452756745337362,4.857903195556401,27.64,0.6055735283283074,0.4438662858467862,0.1275014157097333,0.404198990102519,0.012486025641025642,倒塌
框架,223.24,0,15,3.014,53.4,4.2,3.4,22.2,96.9,1.7718498313599997,0.5260648636899953,0.453016820540293,0.2969014949117947,1.3997280766490516,20.18449582438347,45.56440947508767,1.0943292753938485,1.3366925870977346,0.4154613404351444,2.099421395609548,0.01593989831169647,严重破坏
砌体,617.43,0,3,0.119,9.0,3.0,3.0,4.6,3.0,0.1270674435921587,0.006372134783198678,0.0004807351812342009,0.05014765862175496,0.002294233944617283,0.4061547224381014,13.63,0.2001912397363511,0.06700831918523915,0.01892619978651133,0.2272050709128387,7.732193462635922e-05,基本完好
框架,316.46,0,15,3.014,53.4,4.2,3.4,96.9,22.2,2.204935567204255,0.2171659627554826,0.1591996532867775,0.09849084299131597,0.6767339258859697,7.683826219100816,13.15,2.654395845865719,1.253747043181836,0.2306410515874219,1.167277106074885,0.011879911764705884,严重破坏
框架,305.25,0,10,2.285,34.8,4.2,3.4,96.9,22.2,0.21128996210700002,0.009115045740281064,0.0006991157361175831,0.04313998473654458,0.0035155684677469897,0.4912939200271583,11.397882589507399,0.1948103452151439,0.02164981590934776,0.04163008951800743,0.012445748969497667,0.0005008852364252212,基本完好
框剪,377.41,0,10,2.097,40.2,5.4,3.9,23.4,23.4,0.1333621218284853,0.004957001721796297,0.001221339419994645,0.03716948751138955,0.0006698994028592133,0.1992539449412805,15.595,0.1175980714583783,0.03027849566867531,0.01376670270123283,0.05214502868983716,0.0002287948717948718,基本完好
框剪,311.75,0,10,2.097,40.2,5.4,3.9,23.4,23.4,1.60076398617393,0.09481830922818597,0.03717656708152282,0.05923315994559336,0.355863303927467,4.883772381025125,12.175,1.574479566265184,0.8358854999395218,0.317837287803663,0.5483439740784168,0.002442830769230769,轻微破坏
框架,200.86,0,15,3.014,53.4,4.2,3.4,22.2,96.9,1.04806806678,0.16320357221149168,0.15350437622938914,0.15571848564464444,0.3879318363604973,11.593926250151759,74.64211369924197,0.8043872136786059,0.73683182715427,0.1708863605670398,0.6924380932493387,0.009366758318803646,中等破坏
框剪,318.16,0,10,2.097,40.2,5.4,3.9,23.4,23.4,0.9513851811097813,0.06526152165522545,0.008367426473595275,0.06859631929425107,0.1619684773523814,3.447372577489095,12.56,1.414945295527348,0.6630453213440516,0.1763387603645269,0.7400510293330425,0.002145641025641026,轻微破坏
框剪,198.77,0,10,2.097,40.2,5.4,3.9,23.4,23.4,2.415952411045052,0.3890455512979632,0.1936939969795184,0.1610319597022511,0.8258611941509592,9.104159697057243,17.475,1.367551343049733,1.507578797546976,0.3629628802554274,4.085813437007541,0.009938282051282053,严重破坏
砌体,468.44,0,3,0.119,9.0,3.0,3.0,4.6,3.0,0.5401108264043336,0.05910717849197662,0.01001204472420345,0.1094352780992549,0.04288989730573901,1.369218770580982,4.925000000000001,0.3931088725005297,0.426255890593131,0.08803699323431417,0.6045051478250485,0.0003062014138712414,基本完好
剪力墙,266.41,0,16,1.91,49.5,6.0,2.9,30.6,30.6,0.5931644844720662,0.06426401618145526,0.009093440081889507,0.1083409709511724,0.08991200486886818,2.701837225141814,13.11744,0.4561658612189871,0.3756806541378373,0.1466412046185002,1.084332119099168,0.0019365862068965508,轻微破坏
框架,430.0,0,6,1.069,29.26,5.18,4.72,137.77,92.05,0.156158,0.03227,0.030973,0.206651,0.008488,1.410541,42.41,0.10928,0.075952,0.306738,0.20473,6.428098078197703e-06,基本完好
框架,375.16,0,10,2.285,34.8,4.2,3.4,96.9,22.2,4.389037796045,0.2744241014789641,0.03044452788049567,0.06252488910581952,1.1504821092363229,4.420717425542182,1.2202856619987013,4.985325174985363,0.8080879422830818,2.301605223433909,0.3744722214484181,0.007748434156595746,中等破坏
框架,287.0,0,2,0.491,10.36,5.18,5.18,87.78,63.4,0.048437,0.014057,0.006577,0.290222,0.002991,0.892328,53.45,0.026552,0.065519,0.075903,0.154124,2.4074074074074054e-05,基本完好
剪力墙,294.0,0,14,0.927,49.07,3.66,3.51,47.55,41.76,0.690407,0.020327,0.001302,0.029442,0.027784,1.356047,9.3,0.427155,0.077178,1.206964,0.187782,6.742748454588683e-05,基本完好
框剪,327.61,0,10,2.097,40.2,5.4,3.9,23.4,23.4,0.9349251107186193,0.04777665902558435,0.005055806633307121,0.05110212409297828,0.04673276787593841,1.474261144531946,10.38,0.7200048735872654,0.3863366880120435,0.1264948768559042,0.2491881345579114,0.0007844102564102563,基本完好
框架,573.02,0,15,3.014,53.4,4.2,3.4,22.2,96.9,3.255610686335,1.095194732728765,0.9657495090842391,0.3364022416211194,2.972995607939087,21.710314829320964,26.888229218086042,3.045446106056213,1.8698363791827233,0.7882022802129562,3.2088028632626684,0.02930484297513252,倒塌
剪力墙,508.08,0,16,1.91,49.5,6.0,2.9,30.6,30.6,1.490670620565,0.09196234521773732,0.00619000006188645,0.0616919284173464,0.15720771667092345,2.596084385467253,7.64189348363891,1.3168558751207988,0.16904566032120946,0.3399836984409889,0.06953191369805317,0.002092082535843502,中等破坏
砌体,509.1,0,3,0.119,9.0,3.0,3.0,4.6,3.0,0.131638193344,0.00516655132733879,0.0002779004877522556,0.03924811786072935,0.0021453114003542203,0.420172641963683,13.290666776491612,0.1144905853823957,0.011490547391652839,0.03011573309981829,0.32413306401533426,0.0001252486345143081,基本完好
砌体,329.0,0,2,0.112,6.375,3.125,3.25,10.125,9.125,0.8631479787356581,0.05599205413713012,0.005599189498176471,0.06486958843273602,0.04593998946503144,1.044683558352206,5.23,0.80236912537745,0.3841395387063101,0.1662537056223491,2.102032045071685,0.0008753654692129104,轻微破坏
剪力墙,435.64,0,22,3.1,66.9,6.0,2.9,30.6,30.6,0.8936497284448821,0.07583545958143725,0.01693604364998288,0.08486038451934087,0.08370278747580144,2.507687395547554,13.54,0.5159544093960904,0.6145048488666236,0.1278115567700429,0.358124681388173,0.00203344827586207,中等破坏
剪力墙,323.0,0,4,0.326,12.19,3.05,3.05,34.37,18.96,0.159941,0.011536,0.002374,0.072126,0.004024,0.695852,20.22,0.133349,0.047751,0.36522,0.501863,3.9344262295081505e-06,基本完好
框剪,196.25,0,10,2.097,40.2,5.4,3.9,23.4,23.4,0.9535541243828088,0.07435032135494372,0.009909496706627675,0.07797178938643595,0.04673158450503191,1.029846451812113,4.965,0.7966725625086851,0.3838139961339774,0.164008213982954,0.4442787517293237,8.589428666666666e-05,基本完好
砌体,435.21,0,3,0.119,9.0,3.0,3.0,4.6,3.0,0.12402028955749998,0.03295282496508632,0.02748095459950781,0.26570511230590443,0.0020579049152527197,0.5833155878859468,20.06099311154732,0.07398807964666117,0.09796254612588152,0.024008116609745937,0.20295567895196573,0.0001113015837533632,基本完好
框架,584.17,0,15,3.014,53.4,4.2,3.4,22.2,96.9,2.284687201915569,0.4006975869718407,0.1270340911356328,0.1753840029549255,0.4946331367340461,4.866760375655022,5.9,1.019629037526305,1.030325223347888,0.2846873743097608,1.774445950265211,0.0068433529411764706,中等破坏
框架,403.72,0,10,2.285,34.8,4.2,3.4,96.9,22.2,1.7164471621849997,0.06850300465234632,0.0033262773410756958,0.039909766033894976,0.16030501009476752,1.513951959517109,2.0807258165589824,1.6260845304006304,0.11090090396498084,0.6579422475282013,0.02572799187584241,0.002276159999210048,轻微破坏
剪力墙,205.78,0,16,1.91,49.5,6.0,2.9,30.6,30.6,2.540099997606998,0.1496430183396279,0.0328745005567381,0.05891225482485141,0.5483266772881429,5.688319083590383,12.42,2.527626507180493,0.912940513712829,0.3935500433218027,0.8914213853028503,0.007877310344827594,严重破坏
剪力墙,206.08,0,10,0.91,32.1,6.0,2.9,30.6,30.6,5.985495777894164,0.5449440282535718,0.4178627174421879,0.09104409199755475,1.635743932012321,8.94114821311925,6.82,4.893151929419637,1.830908737265677,0.5200663644593116,4.22704166849238,0.008137620689655171,严重破坏
框剪,667.42,0,10,2.097,40.2,5.4,3.9,23.4,23.4,0.1987828548965,0.05872963098447981,0.08111484388984826,0.29544615915219896,0.008332094509536163,1.139025502290396,25.119959436044223,0.19240535874803735,0.09642171532917218,0.04317071890265106,0.17873074697972569,0.001950828867073552,轻微破坏
剪力墙,400.44,0,16,1.91,49.5,6.0,2.9,30.6,30.6,2.110207436290364,0.1192633264261235,0.01550202977241989,0.05651734724041267,0.3526101107206406,4.506786951882771,10.47,2.016713277057554,0.9954307077326753,0.2606246208257168,1.288641172244009,0.003183965517241379,中等破坏
砌体,337.18,0,3,0.119,9.0,3.0,3.0,4.6,3.0,0.07847790295134999,0.028595159285632936,0.019636257547239938,0.3643721125341441,0.003973729783306468,1.4418478144788145,97.4680301500805,0.06418097584937113,0.06834515273843568,0.015135254401804656,0.09933360087353829,0.0001185368154284327,基本完好
剪力墙,549.43,0,16,1.91,49.5,6.0,2.9,30.6,30.6,5.8490538093749995,0.7034325790951016,0.21311284992021354,0.12026433710827271,6.352628868532512,24.98299413886926,11.782774706052201,4.237308546485185,3.5133903285168184,1.740502330074662,4.865623261823666,0.01678436987906063,倒塌
框剪,257.38,0,10,2.097,40.2,5.4,3.9,23.4,23.4,5.642907838143405,0.3745278201181551,0.07382304749940545,0.0663714224759304,0.7989673127827193,4.415898138561778,3.805000000000001,4.160903842238577,1.536263686803826,0.4791364925019889,2.148884312102238,0.009104846153846154,严重破坏
框架,349.43,0,10,2.285,34.8,4.2,3.4,96.9,22.2,3.479009291144822,0.1654778310554784,0.01422040485167581,0.04756464188718086,1.103315860396855,8.735601909227835,10.92,2.48623039657777,1.078080008256696,0.4150445761999269,0.8766647777201974,0.009156941176470592,中等破坏
框架,247.0,1,7,1.127,31.39,4.79,4.1,53.61,80.86,0.060768,0.002852,0.000196,0.046928,0.000117,0.069709,4.995,0.039505,0.007993,0.112296,0.016165,3.7486218302094833e-06,基本完好
砌体,382.07,0,3,0.119,9.0,3.0,3.0,4.6,3.0,0.5394337100845,0.18650490804039188,0.1832697801699661,0.34574203382872876,0.14133536939374633,6.487266638245114,47.573617197358956,0.5365276034435736,0.4946203363585965,0.12920044107965895,0.7561158643993526,0.0005230154322506137,轻微破坏
框架,282.14,0,10,2.285,34.8,4.2,3.4,96.9,22.2,0.2899666556605,0.01516704298735099,0.003285580758515926,0.0523061624199609,0.013870595662737366,1.2662675575355824,24.118124410432813,0.3093450588846897,0.08642119494828247,0.056845677178814676,0.06837693846661907,0.001519074168842,基本完好
框架,359.0,0,4,0.68,16.0,4.11,3.96,66.75,35.66,1.3525,0.20571,0.04059,0.152096,0.560612,7.265134,13.38,1.03363,0.790511,3.026637,3.845461,0.0019318734793187335,轻微破坏
剪力墙,279.0,0,1,0.259,8.94,8.94,8.94,40.4,50.89,0.037614,0.00248,0.00024,0.065921,0.000147,0.102241,11.885,0.032152,0.009199,0.089038,0.094354,1.018099547511312e-05,基本完好
砌体,377.56,0,2,0.112,6.375,3.125,3.25,10.125,9.125,0.8900823847839113,0.07423232008833064,0.04875014210322035,0.08339938117790333,0.1484942995157851,4.265448982416864,25.9,0.7295707152251188,0.2929000555064541,0.1542045472543626,0.9519223044440432,0.0007234514883990459,轻微破坏
砌体,311.18,0,3,0.119,9.0,3.0,3.0,4.6,3.0,0.4645518958815,0.03459899362746591,0.006211703776585904,0.07447820993564856,0.019495672786780348,1.2174878832315281,9.867777494077378,0.30288730001945785,0.14270003519380176,0.10536129343545958,1.4871553188297086,0.0003213130459401619,基本完好
剪力墙,340.0,0,13,0.714,34.66,3.05,2.68,60.19,19.76,0.10315,0.004875,0.000515,0.047262,0.000594,0.223917,16.16,0.078492,0.016088,0.211414,0.039173,7.748404740200537e-06,基本完好
框架,418.0,3,13,1.668,52.93,3.42,4.16,106.5,37.01,0.019893,0.001228,0.000142,0.061711,5.2e-05,0.077961,27.25,0.013243,0.005288,0.038354,0.00355,1.9493177387914175e-07,基本完好
框架,486.67,0,15,3.014,53.4,4.2,3.4,96.9,22.2,1.240116140949506,0.06645523908745454,0.008642945127207195,0.05358791559359312,0.04024070108394547,0.8207234261902343,2.944999999999999,0.7788089173162386,0.3041942971064073,0.1228939985873617,0.1337715671806892,0.0017133235294117654,基本完好
剪力墙,237.33,0,10,0.91,32.1,6.0,2.9,30.6,30.6,0.6073589352864355,0.05037209226753733,0.00564131180879438,0.0829362825522299,0.01551271123783222,0.4959843734245066,4.8,0.3608893748374915,0.2242025972686995,0.09436351807159561,0.9416387929216035,0.0011100689655172407,轻微破坏
框剪,286.41,0,10,2.097,40.2,5.4,3.9,23.4,23.4,4.720966361204442,0.1460767551656822,0.01118398815790476,0.03094213006178129,0.5763541315092319,3.449443569631591,2.84,4.380912352659068,0.8452758179625193,0.2449309377932874,0.6032407660376793,0.0027395128205128213,中等破坏
剪力墙,352.05,0,16,1.91,49.5,6.0,2.9,30.6,30.6,0.07039312417165,0.0052522816686307065,0.0012963607731639117,0.07461356106064122,0.0006308014151471945,0.32504230411883567,26.25068646238596,0.056439920780447767,0.01717208537433272,0.011619773191689328,0.022825902530126674,0.0005664564252917326,基本完好
剪力墙,337.0,1,6,0.549,24.38,3.96,4.01,80.7,42.1,0.068303,0.001636,7.6e-05,0.023946,0.000162,0.087884,7.435,0.032295,0.004962,0.089806,0.026184,3.5199999999999998e-06,基本完好
剪力墙,527.96,0,16,1.91,49.5,6.0,2.9,30.6,30.6,1.701899501670162,0.09088102105865539,0.006567050144752065,0.05339975772333745,0.2177604819346634,2.653957262864324,4.0992,1.48836863192731,0.4749310659480005,0.2482732039570434,0.2342353378263322,0.001620896551724138,轻微破坏
框架,418.0,1,14,2.379,84.98,6.07,6.07,53.11,30.4,0.151705,0.027051,0.032909,0.17831,0.005863,0.908157,21.46,0.124975,0.061517,0.347464,0.037216,0.00010549148819330033,基本完好
框架,322.53,0,10,2.285,34.8,4.2,3.4,96.9,22.2,0.472994538933,0.08352420254128448,0.09349293282405559,0.1765859765097959,0.07062543926302482,2.965208008573575,24.365501907189326,0.3994012177644459,0.314480379039309,0.12761876985353518,0.320269031196464,0.005986109655818517,中等破坏
框架,517.0,3,13,1.861,61.26,5.18,4.06,34.29,34.29,0.051048,0.00133,9.2e-05,0.02605,8.5e-05,0.066404,10.21,0.027444,0.004933,0.076945,0.002198,3.736730360934182e-06,基本完好
砌体,202.26,0,2,0.112,6.375,3.125,3.25,10.125,9.125,1.451521633263726,0.121832587256749,0.01104046505558444,0.08393439302920351,0.1011329755110871,1.800505052867329,7.125,1.230804438256224,0.4696750437918017,0.18055108982606,1.648603002755409,0.001591619276695205,中等破坏
框架,247.0,0,6,0.996,26.6,5.79,4.1,53.61,80.86,0.079014,0.002649,0.000233,0.033525,0.000242,0.100101,5.94,0.048071,0.008759,0.143314,0.020257,5.582761998041136e-06,基本完好
框剪,243.0,5,12,1.284,59.44,3.11,3.66,54.35,52.2,0.088478,0.004387,0.000424,0.049588,0.000347,0.134646,11.025,0.062841,0.014776,0.170792,0.023552,1.73716864072194e-05,基本完好
框架,259.0,2,13,1.746,56.24,3.12,3.58,57.61,21.95,0.360467,0.023969,0.002124,0.066495,0.017532,1.560345,27.1,0.364508,0.090585,0.992881,0.070881,0.00011902158273381294,基本完好
砌体,225.77,0,2,0.112,6.375,3.125,3.25,10.125,9.125,0.8817826847864999,0.27002747209881933,0.20061243732035847,0.30622904799292955,0.4558757818554377,12.258245506579778,62.07588263191289,0.912209416809163,0.6972523851850977,0.20313439403221403,1.4878157517957598,0.001354414933807957,中等破坏
框架,342.0,1,2,0.562,12.4,4.71,3.83,34.35,42.86,0.110528,0.00378,0.000203,0.034198,0.000256,0.07131,1.97,0.064963,0.011592,0.177512,0.042931,9.026963657678785e-06,基本完好
框架,325.83,0,10,2.285,34.8,4.2,3.4,96.9,22.2,1.092008556700069,0.1080098475755106,0.02627356788436589,0.09890934179298426,0.2390402294227158,5.418139134908457,22.0,1.238233594708634,0.7382592639330593,0.1787551856780203,0.4849805766079918,0.011175558823529412,严重破坏
框架,202.85,0,15,3.014,53.4,4.2,3.4,96.9,22.2,1.698500041663535,0.506904994543663,0.3539274841541444,0.2984427330641647,0.5851410506941802,6.868495500708496,12.79,1.857681840924523,1.069748584758233,0.3140374541938663,0.3852990692301149,0.028156852941176477,倒塌
框架,286.0,1,6,0.957,25.23,2.74,3.65,45.6,53.2,0.132232,0.005975,0.000314,0.045187,0.000657,0.172774,6.12,0.083289,0.017764,0.235172,0.026043,1.826241134751773e-05,基本完好
框架,353.54,0,10,2.285,34.8,4.2,3.4,96.9,22.2,0.47921931002049994,0.009308157436032888,0.0003398906194439307,0.019423585906074414,0.009639762949458522,0.6100621019530504,10.292184039342509,0.17168762186847777,0.012789631208948084,0.07254392667014908,0.0034843558619629,0.0007503938913539804,基本完好
砌体,473.8,0,3,0.119,9.0,3.0,3.0,4.6,3.0,0.346248321622866,0.01383245172113748,0.003066960051854804,0.03994951269743281,0.02335226207818225,1.580466230932816,15.8,0.3437364769286345,0.1186081567921118,0.04929784651087001,0.5857476811880412,0.0002590038446374455,基本完好
框架,729.65,0,15,3.014,53.4,4.2,3.4,22.2,96.9,3.517204721002526,0.3108790695562444,0.1092040191781589,0.0883881076639841,0.9092795322488298,5.891444624754667,5.0,3.855828016934438,1.186585261337099,0.3768082729404865,0.4877029342545264,0.00547714705882353,中等破坏
框架,538.69,0,15,3.014,53.4,4.2,3.4,22.2,96.9,0.79142411362,0.09746975134180373,0.15152767296459413,0.1231574192198591,0.18365802728825528,4.864770236720309,16.996533259271104,0.8903904817750457,0.4029060431052584,0.246403253164411,0.17933730014248792,0.004395424753361072,中等破坏
砌体,409.4,0,3,0.119,9.0,3.0,3.0,4.6,3.0,0.289792743576995,0.1188178882434122,0.1304052960832285,0.4100098807748217,0.04529213884200013,2.973979483926631,34.005,0.209132765374908,0.2973033316459344,0.06905348714340126,0.2614015580703859,0.00022026620175665058,基本完好
剪力墙,341.56,0,22,3.1,66.9,6.0,2.9,30.6,30.6,0.1081515607935,0.03568786502871627,0.026950938870856284,0.32998012018390716,0.010044542117409634,1.8542437569837407,65.54324336112805,0.07630811264717507,0.11859931216559505,0.029344232965438845,0.18008423226945425,0.001844684181286056,轻微破坏
剪力墙,341.56,0,22,3.1,66.9,6.0,2.9,30.6,30.6,0.08494898766689998,0.02339393060780444,0.026926269113569025,0.27538798578196344,0.004114119828291024,1.4840693881040097,99.68553073447723,0.06523956034463033,0.06927819541116154,0.015228041780654478,0.10632851703004079,0.001510287884280963,轻微破坏
剪力墙,245.06,0,16,1.91,49.5,6.0,2.9,30.6,30.6,2.272973642864851,0.1560730258024629,0.0196172703256065,0.06866468790449709,0.4543271432355943,4.614903126451268,9.565000000000001,3.122440893049988,0.8897492396019657,0.3149198088987337,1.07212527567113,0.001624000000000001,轻微破坏
框架,296.62,0,10,2.285,34.8,4.2,3.4,96.9,22.2,0.08121240885064998,0.005666275466402793,0.000682834630041006,0.06977105526845166,0.0014114818237515073,0.42445192952614985,25.852816907536248,0.07175259242966238,0.019581765857419994,0.017514807307960546,0.014031466523881219,0.0004330704739846437,基本完好
剪力墙,474.15,0,10,0.91,32.1,6.0,2.9,30.6,30.6,0.888582859879894,0.0333822863737861,0.003378369566951091,0.03756800618267411,0.06391702930715171,1.685232928862431,6.565,1.136420018942255,0.2800025190430613,0.1376745538152142,1.537772259689569,0.0012243793103448287,轻微破坏
框架,274.0,0,3,0.605,13.68,4.56,4.56,30.86,76.0,0.333468,0.016205,0.00145,0.048594,0.003685,0.309316,3.195,0.228374,0.050776,0.636467,0.277436,0.00014332603938730856,基本完好
剪力墙,442.15,0,10,0.91,32.1,6.0,2.9,30.6,30.6,1.4243394206299997,0.20799477594849525,0.10156326379597842,0.14602894010789721,0.5652037718252985,10.198014254603518,32.953274188521185,1.206806740086659,0.8693670785259479,0.3104380120823192,2.3958283280846104,0.004182595845134577,严重破坏
框剪,347.0,1,13,1.107,48.77,4.88,3.66,40.33,40.33,0.111526,0.003395,0.000185,0.030445,0.000276,0.113102,6.035,0.047451,0.010315,0.137075,0.013393,5.4098360655737726e-05,基本完好
框剪,311.75,0,10,2.097,40.2,5.4,3.9,23.4,23.4,1.481883261678457,0.08865827073878789,0.03592170123034263,0.05982810726829385,0.3882245570709662,4.867036780589501,10.0,1.872213026991795,0.696600669217889,0.3319745216812583,0.4466490975486533,0.0021651128205128203,轻微破坏
剪力墙,337.0,0,5,0.354,13.58,3.05,2.64,111.26,16.62,0.036345,0.001431,0.000195,0.03937,0.00017,0.153678,25.02,0.027443,0.00676,0.075077,0.087654,1.6393442622950774e-06,基本完好
框剪,740.05,0,10,2.097,40.2,5.4,3.9,23.4,23.4,0.3716681792276619,0.02153422357373575,0.002430502481683942,0.05793937920239644,0.01027572893046329,0.6538013397554152,9.585,0.2758060533831458,0.1567786356140013,0.06234583333370346,0.1032847955694859,0.00029892307692307694,基本完好
砌体,208.0,0,2,0.329,7.32,3.66,3.66,47.24,25.3,0.244801,0.010071,0.001569,0.041139,0.008238,1.01928,25.08,0.197431,0.042667,0.535686,0.685652,4.234972677595628e-06,基本完好
剪力墙,909.09,0,10,0.91,32.1,6.0,2.9,30.6,30.6,0.244639044496,0.05760338082220632,0.050251764934060014,0.2354627444726967,0.019147877816661628,1.8374128745131464,29.1983522390412,0.18050293665615985,0.21046207065300915,0.060701972839235105,0.39853888605788684,0.001008147906798239,轻微破坏
框剪,303.47,0,10,2.097,40.2,5.4,3.9,23.4,23.4,1.84062488852117,0.1225947275698983,0.02846967063495649,0.06660494940302349,0.1615666797080538,2.82838143839282,14.22,1.324591858326976,0.6519776549550121,0.1590145291678483,0.6209178295408075,0.0019316153846153845,轻微破坏
砌体,364.84,0,2,0.112,6.375,3.125,3.25,10.125,9.125,2.908027087848474,0.08181601246670174,0.009333978202158104,0.02813454276563632,0.1728216932821908,1.429654790844897,1.445,2.412148014155838,0.345245967004844,0.2217210757003784,4.938451786869449,0.0036976600037547645,严重破坏
框剪,282.0,1,5,0.592,21.18,4.72,4.63,32.85,60.45,0.371976,0.065496,0.066648,0.176076,0.04895,4.158925,91.54,0.306721,0.192945,0.885416,0.904748,5.15209125475286e-05,基本完好
框架,537.16,0,15,3.014,53.4,4.2,3.4,96.9,22.2,0.7679755836084811,0.05707530644834206,0.005324588717997679,0.07431916803938317,0.04483901152220589,1.288084377153566,4.285,1.001930177368001,0.2823712113797454,0.08367054664030608,0.2028351194342544,0.0017702058823529413,基本完好
框剪,318.16,0,10,2.097,40.2,5.4,3.9,23.4,23.4,0.8322502763015,0.05038099168448937,0.0033717837666374494,0.06053586657655588,0.07071014668394843,1.2693417478482285,3.957309382963713,0.8372539368162808,0.10293114661596806,0.3168564270416554,0.033910841201650686,0.000987364570372641,基本完好
砌体,529.39,0,3,0.119,9.0,3.0,3.0,4.6,3.0,0.4132432117508648,0.02149245073686736,0.006017401624800077,0.05200920456940182,0.02352830764625767,1.411464017792734,13.475,0.3555688349990274,0.200784945147207,0.0606131790448507,0.4864607099715054,0.00025116549802588304,基本完好
框架,205.78,0,15,3.014,53.4,4.2,3.4,22.2,96.9,2.540099997606998,0.1496430183396279,0.0328745005567381,0.05891225482485141,0.5483266772881429,5.688319083590383,12.42,2.527626507180493,0.912940513712829,0.3935500433218027,1.204089777939758,0.004710941176470585,中等破坏
框架,416.15,0,10,2.285,34.8,4.2,3.4,96.9,22.2,0.12295921002749999,0.004860970275596947,0.0008224633415307793,0.03953319376815925,0.001703487145374396,0.3907378652522555,17.61875614804644,0.09670951433753808,0.0278687989978302,0.0233079169503101,0.018756668972334745,0.0003795759969173775,基本完好
框剪,468.44,0,10,2.097,40.2,5.4,3.9,23.4,23.4,0.5401108264043336,0.05910717849197662,0.01001204472420345,0.1094352780992549,0.04288989730573901,1.369218770580982,4.925000000000001,0.3931088725005297,0.426255890593131,0.08803699323431417,0.6705855567785257,0.0016111593000000001,轻微破坏
框剪,382.12,0,10,2.097,40.2,5.4,3.9,23.4,23.4,2.607595298560005,0.1911896012302433,0.01762680650108001,0.07332027379241869,0.3930205187482881,4.257073485284855,6.82,2.69553501122988,0.9374627729858074,0.3072821033024697,1.16223952077234,0.0017017615384615388,轻微破坏
剪力墙,573.04,0,10,0.91,32.1,6.0,2.9,30.6,30.6,0.39947192642,0.1036497476976986,0.1709641595527551,0.2594669132987395,0.035770071923150265,2.3062208846736336,26.811323485003093,0.42743815244625305,0.2305254550815757,0.08658096747581841,0.5588812443766829,0.001359567999249339,轻微破坏
框架,360.0,1,3,0.752,18.29,4.57,4.57,76.81,96.93,0.040755,0.001863,0.000163,0.045721,8.9e-05,0.070417,12.66,0.035856,0.007309,0.098091,0.02801,6.236323851203498e-06,基本完好
砌体,352.2,0,2,0.112,6.375,3.125,3.25,10.125,9.125,0.8600949665732048,0.03764615638916581,0.005551700632201058,0.04376976712136316,0.0304601960962029,0.8908658943418911,5.975,0.6525116875192373,0.2414422474648953,0.1348252711417127,1.302544762113005,0.000978793457478021,轻微破坏
剪力墙,365.22,0,22,3.1,66.9,6.0,2.9,30.6,30.6,0.37649376867199996,0.04595863303573307,0.045031545412359854,0.12207010277445539,0.035360407910211694,2.7776164314968748,40.69936109118595,0.35107765497171106,0.16672133769223318,0.06986931594778083,0.1880235333981025,0.002910930736370088,中等破坏
框剪,313.9,0,10,2.097,40.2,5.4,3.9,23.4,23.4,0.9155917971269999,0.09888057899454122,0.059077085259598275,0.10799635744314745,0.13793449893619855,4.0523065087386305,15.799701574399855,0.6969509608753831,0.4564265636501106,0.2214795654604483,0.5031605525942565,0.003623926177285242,中等破坏
剪力墙,735.44,0,16,1.91,49.5,6.0,2.9,30.6,30.6,0.4794361786082962,0.0561262334167431,0.03638230789465722,0.1170671633076709,0.03986914451472039,2.050381867269568,19.535,0.6694002900610114,0.2851435838868845,0.07946065251961891,0.2522991219460023,0.0015079655172413812,轻微破坏
框架,496.46,0,15,3.014,53.4,4.2,3.4,96.9,22.2,0.2081126738648022,0.03319879191592064,0.009250214726304716,0.1595231626185718,0.008879600985671842,0.8733664510771116,18.9312,0.2200568861002427,0.09917231098710373,0.04491025854774081,0.05525762869314985,0.0012906470588235292,基本完好
框架,333.85,0,10,2.285,34.8,4.2,3.4,22.2,96.9,1.869422668440919,0.07334196115528685,0.0118857432590056,0.03923241244124494,0.2840030479687469,3.954251404790941,9.365,1.928529098000844,0.6288914798432285,0.2431709209719083,0.3803657183629355,0.002221676470588235,轻微破坏
剪力墙,270.84,0,16,1.91,49.5,6.0,2.9,30.6,30.6,1.592583262313889,0.05191786744319161,0.01047389813696445,0.03259978217261892,0.1625687329013596,3.469485764928034,16.63,1.707924851189776,0.5072157883720783,0.1839791652590472,0.9338905947279308,0.0026463103448275847,中等破坏
框剪,415.13,0,10,2.097,40.2,5.4,3.9,23.4,23.4,0.4706800966231227,0.05876926412737466,0.01812058123414829,0.1248603128728251,0.06503136366887836,3.432245179498587,29.19,0.3278455914393995,0.577824866701417,0.0725081378362196,1.236305623627365,0.004816051282051285,中等破坏
剪力墙,316.83,0,22,3.1,66.9,6.0,2.9,30.6,30.6,0.13247018952999998,0.0062943089569724485,0.000862057873062455,0.04751490866967471,0.002304349800377988,0.5164465794904085,21.31347548648585,0.11738974793077835,0.024557067147607324,0.02464726417196956,0.005279869841527837,0.0005873619257575708,基本完好
框架,274.0,0,3,0.605,13.68,4.56,4.56,76.0,30.86,0.406292,0.028222,0.006708,0.069463,0.01788,1.369438,20.78,0.311889,0.14046,0.849374,0.620101,0.000263894967177243,基本完好
框架,458.09,0,10,2.285,34.8,4.2,3.4,22.2,96.9,2.755613945203871,0.1380808096796428,0.02565495970342845,0.05010890945735397,0.4377157637897802,4.076313190075551,6.945,2.960987562747143,0.8370533099235241,0.3558726730859624,0.699501151753092,0.007723852941176472,中等破坏
框剪,450.28,0,10,2.097,40.2,5.4,3.9,23.4,23.4,3.143911930271187,0.1706085377851836,0.02232783393223855,0.0542663222027556,0.7053725124481153,7.607398137754807,15.47,2.619235645156945,1.321926508291021,0.2669652116104815,1.087393794865007,0.002212984615384615,轻微破坏
剪力墙,257.0,0,3,0.332,12.5,5.11,3.66,39.93,23.47,0.187423,0.022422,0.002214,0.119636,0.004837,0.563494,10.94,0.132535,0.074285,0.383563,0.388725,3.170731707317076e-05,基本完好
框剪,483.02,0,10,2.097,40.2,5.4,3.9,23.4,23.4,0.04846065446542037,0.004747116960038726,0.0005262449290322199,0.09795816858862445,0.0002853451884377714,0.1287387855554757,7.8428,0.03859906614762333,0.0234695889456946,0.00545246364243519,0.03841941526056958,0.00011207502974358975,基本完好
剪力墙,414.83,0,22,3.1,66.9,6.0,2.9,30.6,30.6,0.1039590217855,0.005129138690053572,0.00027988275753518515,0.049338081505197216,0.0012930775540738561,0.27463627095870463,9.257956726365435,0.1093859076176143,0.010222942503368916,0.02801408017773272,0.001301765864824697,0.0005581169085606416,基本完好
砌体,219.31,0,2,0.112,6.375,3.125,3.25,10.125,9.125,1.05927759002998,0.04661051419521799,0.005512087454263933,0.04400217151190632,0.08767242954344369,2.626605228402238,14.445,1.198981845028778,0.5021539270139707,0.1169973699802765,1.290083750202719,0.0010782443431380305,中等破坏
剪力墙,476.14,0,16,1.91,49.5,6.0,2.9,30.6,30.6,1.789691069705,0.4396545405900162,0.43667644350912455,0.2456594593515437,1.454617647240791,16.74823265257202,33.06463024887195,1.5835531483024976,1.6250009335801587,0.4971806808988246,3.2200728040437054,0.01008979890932866,倒塌
框架,311.0,0,3,0.636,14.63,4.88,4.88,65.84,39.01,0.03272,0.002391,0.000265,0.073083,0.000156,0.139105,22.14,0.020577,0.009204,0.061034,0.079376,3.703703703703702e-06,基本完好
砌体,379.64,0,2,0.112,6.375,3.125,3.25,10.125,9.125,1.330057306865,0.4082760793179348,0.3473186822204731,0.3069612694209834,1.0431372182922878,14.30219098961166,34.07108119546304,1.214797932932914,1.0152137811507531,0.4147624361920642,1.951319301597129,0.003163182954532019,严重破坏
剪力墙,265.45,0,10,0.91,32.1,6.0,2.9,30.6,30.6,0.38018077487249996,0.09364932359423715,0.09658471654623181,0.24632840423254973,0.08631686237110593,4.395307883405987,40.412949845135785,0.31865522749642383,0.3138965484294705,0.10954919755407108,0.8969941502011403,0.001795657092630573,轻微破坏
砌体,735.44,0,3,0.119,9.0,3.0,3.0,4.6,3.0,0.4794361786082962,0.0561262334167431,0.03638230789465722,0.1170671633076709,0.03986914451472039,2.050381867269568,19.535,0.6694002900610114,0.2851435838868845,0.07946065251961891,0.8868806764951083,0.00029128168363907727,基本完好
砌体,423.4,0,2,0.112,6.375,3.125,3.25,10.125,9.125,1.5448827624300001,0.41533157368555046,0.4937640548268187,0.268843425395116,0.775622421311174,10.90718485568771,23.303180912832083,1.5122034658920398,0.9582924840308134,0.432453312511752,2.195608915437735,0.003213777149841756,严重破坏
框架,274.0,1,5,1.408,42.22,5.94,7.25,109.88,85.34,0.100786,0.005075,0.000405,0.050356,0.000553,0.203984,14.45,0.079164,0.016924,0.221545,0.017888,2.8495440729483285e-05,基本完好
框剪,506.0,0,10,2.097,40.2,5.4,3.9,23.4,23.4,0.5831194601377054,0.02651885320203704,0.002855720642888268,0.04547756508721992,0.07707239548913135,2.924263424503274,17.72,0.7476248917500627,0.3374430114084414,0.09351575598190058,0.5363854074464497,0.0012989158164102566,轻微破坏
剪力墙,895.0,0,3,0.32,11.89,3.96,3.96,35.05,22.25,0.901846,0.041099,0.003203,0.045572,0.028674,0.544106,0.95,0.717283,0.131473,2.003955,2.448379,0.0001839360807401178,基本完好
框架,740.05,0,15,3.014,53.4,4.2,3.4,22.2,96.9,0.3716681792276619,0.02153422357373575,0.002430502481683942,0.05793937920239644,0.01027572893046329,0.6538013397554152,9.585,0.2758060533831458,0.1567786356140013,0.06234583333370346,0.07977080783727619,0.0007765000000000001,基本完好
框架,442.02,0,10,2.285,34.8,4.2,3.4,96.9,22.2,0.4883236077475,0.037810010754447516,0.014452373278781608,0.07742818523326059,0.04759459194426199,2.5592309070911496,20.386261670261742,0.40075152001139774,0.15961670963037258,0.11453327010239232,0.10585230315021936,0.003328326068978181,轻微破坏
剪力墙,264.0,0,6,0.398,15.88,2.74,2.62,53.15,17.89,0.035952,0.00172,0.000259,0.047849,0.000226,0.181017,29.825,0.028318,0.00852,0.080861,0.067637,5.8380414312617695e-06,基本完好
框剪,384.44,0,10,2.097,40.2,5.4,3.9,23.4,23.4,0.6556389334909869,0.128330914622036,0.06840933128147644,0.1957341275307291,0.1568755876929918,4.85005057821488,23.1,0.5257204754681111,0.6146870729983891,0.1334660890550383,1.472901701196863,0.011461384615384622,倒塌
框架,446.63,0,15,3.014,53.4,4.2,3.4,22.2,96.9,3.667882252335,0.4872369203688802,0.47454379335465546,0.13283875731253414,1.73469439437328,13.142836956105654,13.249565999616792,3.7569647357273004,1.0491587353853173,0.8576938876941084,1.2798185403387592,0.01702475515558468,严重破坏
砌体,468.44,0,2,0.112,6.375,3.125,3.25,10.125,9.125,0.044969138880399995,0.011589616452247582,0.0029157721476734235,0.2577237799254139,0.0006816725687827717,0.22250131438691478,10.11059123251926,0.025797245113215808,0.050768899766725994,0.019463515565632358,0.04624620906297323,8.55282458488497e-05,基本完好
剪力墙,239.0,0,2,0.276,9.75,5.79,3.81,51.21,36.58,0.064501,0.002016,0.000139,0.031248,0.0001,0.063994,6.01,0.030535,0.005288,0.088159,0.066954,3.507692307692308e-05,基本完好
砌体,339.02,0,3,0.119,9.0,3.0,3.0,4.6,3.0,0.4852449173700102,0.04494368137304493,0.03956971897102186,0.09262061232219845,0.0641003933156583,2.975491387887307,24.06,0.4775135953940149,0.4208801237752385,0.08168698858726824,0.6421088368411383,0.0003639011232411029,基本完好
剪力墙,308.35,0,10,0.91,32.1,6.0,2.9,30.6,30.6,0.8191458652312854,0.08366797010510217,0.01683244284685056,0.1021405022675401,0.05902588768333571,1.364531900421609,7.185,1.066245927471951,0.3216480473057362,0.1997406697062779,1.454484886717407,0.0009220344827586215,基本完好
剪力墙,336.2,0,16,1.91,49.5,6.0,2.9,30.6,30.6,0.9905579485199999,0.02921497051243297,0.0026415067792143402,0.029493449177893406,0.04569761413336046,1.3935903475169704,8.966744142178252,0.5850677108502313,0.08140927939777357,0.16921974186503813,0.06538569002789217,0.0009606448441091846,基本完好
框架,332.0,0,4,0.758,18.5,4.62,4.62,99.92,67.23,0.088736,0.011172,0.003871,0.125899,0.00268,0.677558,33.06,0.079875,0.052727,0.22874,0.120162,8.085339168490159e-05,基本完好
砌体,362.39,0,3,0.119,9.0,3.0,3.0,4.6,3.0,0.21039010390299998,0.010558847580519011,0.0008731616657949414,0.05018699731897633,0.0017570072461748258,0.32574210850004615,10.571319427188968,0.14368137158749245,0.022733015007408982,0.03055933028720663,0.2605199500387511,0.0001248173742828977,基本完好
框剪,335.0,1,3,0.41,12.95,2.13,5.47,94.99,58.6,0.051354,0.003313,0.000338,0.064508,0.000331,0.214976,24.01,0.041448,0.011486,0.117398,0.14882,1.8290258449304177e-05,基本完好
框架,359.23,0,10,2.285,34.8,4.2,3.4,22.2,96.9,0.8687704803826961,0.01679155733091689,0.001003571923844673,0.01932795566847547,0.03303692708723655,0.7892031156108066,3.19,0.8450532688566904,0.09481628633343017,0.1734884870025025,0.04430417802682198,0.0007733235294117647,基本完好
框架,1428.14,0,15,3.014,53.4,4.2,3.4,96.9,22.2,0.9227960594016111,0.04224870449159249,0.008780684371537046,0.04578336032231081,0.0630622915225895,1.626897137118871,6.755000000000001,1.199628887285626,0.208205293117649,0.1211007587091483,0.1378673742117675,0.005330529411764705,中等破坏
剪力墙,320.75,0,10,0.91,32.1,6.0,2.9,30.6,30.6,0.736531586378,0.04611131390888039,0.004501842557569962,0.06260602364066883,0.057207751499731035,2.2864818588354314,19.672425134618184,0.6619300992567198,0.11445802664228767,0.12782627775671945,0.3908584545713363,0.001060009589598034,轻微破坏
砌体,489.34,0,3,0.119,9.0,3.0,3.0,4.6,3.0,6.908490234405611,0.7993310771876837,0.125809988068757,0.1157027150746861,2.485311374362524,7.204567273933156,4.285,5.138469660637749,3.085284701632246,1.309244773204046,8.495789526624884,0.017778539052227215,倒塌
框架,436.14,0,10,2.285,34.8,4.2,3.4,96.9,22.2,0.511741397615,0.10881531908791,0.13273866328486458,0.2126373195427417,0.06353321207053383,3.1101634290074043,19.602714738803428,0.5193714540735542,0.18757551876458414,0.13494722250529909,0.10721707523444549,0.004960043049305333,中等破坏
框架,259.86,0,15,3.014,53.4,4.2,3.4,96.9,22.2,3.009613896716026,0.4278142209311243,0.1056909466880078,0.1421492043872932,1.229673568612006,7.627708518739571,9.76,2.98031673658707,1.748138009391571,0.7210732173375338,2.485069581028571,0.015220588235294128,严重破坏
剪力墙,297.07,0,16,1.91,49.5,6.0,2.9,30.6,30.6,0.6109727315019999,0.023710059413896287,0.0029719573019459746,0.038807066488234385,0.040300090410606386,1.832761233115773,14.904175599430541,0.45640741480608965,0.09272741058913131,0.12325958036649108,0.1095651795098274,0.001039692245406249,轻微破坏
剪力墙,628.0,1,2,0.289,10.36,3.05,3.66,36.58,36.58,0.068215,0.001892,6e-05,0.027739,0.000105,0.047388,1.295,0.033464,0.005574,0.09103,0.052039,1.254826254826255e-05,基本完好
剪力墙,360.45,0,10,0.91,32.1,6.0,2.9,30.6,30.6,0.6407329857190194,0.03690763237439802,0.004539977194644732,0.05760220434566969,0.02257694380927807,0.6803176027561056,4.065,0.6859199447715676,0.1422544430455219,0.1170007226870945,0.3777066964070118,0.0007878965517241379,基本完好
砌体,367.53,0,3,0.119,9.0,3.0,3.0,4.6,3.0,0.8926372458787406,0.05794748091526934,0.01392981218043785,0.06491716672456792,0.1294823966491367,3.383520544510775,17.35,1.084969581151076,0.610906787625168,0.1520225397317738,1.067829715983787,0.0005694556339551632,轻微破坏
砌体,231.23,0,2,0.112,6.375,3.125,3.25,10.125,9.125,2.717283401520754,0.2245606601300822,0.09932530764213424,0.08264160448056491,0.8596654812701695,7.955663628034015,11.04,2.943479530680003,1.587694072660368,0.3766474705774239,3.374726783651998,0.005473994326010542,严重破坏
剪力墙,311.75,0,10,0.91,32.1,6.0,2.9,30.6,30.6,1.60076398617393,0.09481830922818597,0.03717656708152282,0.05923315994559336,0.355863303927467,4.883772381025125,12.175,1.574479566265184,0.8358854999395218,0.317837287803663,3.893308359815042,0.003736448275862069,中等破坏
框剪,491.08,0,10,2.097,40.2,5.4,3.9,23.4,23.4,3.060968297135,0.20877069777380922,0.23426481276688382,0.06820413591647259,0.7137332114669499,7.079220016711526,10.186334103199044,2.2709960163551304,0.5481667750750062,0.6274522032468344,0.6255477835881246,0.006180114341321137,严重破坏
砌体,226.38,0,2,0.112,6.375,3.125,3.25,10.125,9.125,1.148408728915,0.26949659124543407,0.16635523924728302,0.23466957752929182,0.3049531707007352,7.906433639815572,30.84860759734451,0.629055828955747,0.999392135743369,0.23567876162198703,1.1871002876640289,0.00123963158136323,中等破坏
砌体,184.75,0,2,0.112,6.375,3.125,3.25,10.125,9.125,0.04092904431635896,0.01331045801175675,0.0163725817334294,0.3252081311470223,0.0008116160342279776,0.3145607038504591,25.505,0.0317037966882434,0.03420717266751479,0.01311562832101751,0.05726008190588924,2.3299241698877656e-05,基本完好
框架,339.0,0,5,0.826,20.73,4.27,4.11,77.72,49.99,0.09983,0.004912,0.001397,0.049208,0.00136,0.458178,27.79,0.091412,0.023707,0.254749,0.063739,6.264000000000001e-05,基本完好
砌体,270.22,0,2,0.112,6.375,3.125,3.25,10.125,9.125,1.4868313170899998,0.47853313386733887,0.2935230690012273,0.32184762882444223,1.387528274222788,17.015202144913932,35.91967686569414,1.1160914127013635,1.7135439918562452,0.465882464587923,1.5555266895148838,0.004120185410288925,严重破坏
框剪,486.67,0,10,2.097,40.2,5.4,3.9,23.4,23.4,1.240116140949506,0.06645523908745454,0.008642945127207195,0.05358791559359312,0.04024070108394547,0.8207234261902343,2.944999999999999,0.7788089173162386,0.3041942971064073,0.1228939985873617,0.282500908131273,0.0009282942064102565,基本完好
剪力墙,300.97,0,22,3.1,66.9,6.0,2.9,30.6,30.6,0.06939604283954999,0.017742971376811453,0.019619365511969532,0.25567699037011127,0.002922099037705812,1.0975384539770696,72.49533769028025,0.06511089274292098,0.0636192451971995,0.015049223117334108,0.06887961649807221,0.001317262504141512,轻微破坏
剪力墙,377.25,0,10,0.91,32.1,6.0,2.9,30.6,30.6,0.7011147275935712,0.02022444772730099,0.003101585778311574,0.0288461316405621,0.01600426851724981,0.6415003377607219,5.275,0.6019810667096841,0.1148938304707269,0.09532268543782357,0.595711547773876,0.0003988965517241376,基本完好
框架,265.21,0,15,3.014,53.4,4.2,3.4,96.9,22.2,1.087738658170845,0.123031118751787,0.02959980153949775,0.113107241181147,0.2809838824783839,5.71754845418927,19.26,0.8913186051231772,1.240566221946154,0.1710313952870604,0.963817694387453,0.007275,中等破坏
框剪,219.31,0,10,2.097,40.2,5.4,3.9,23.4,23.4,0.6186836385422739,0.03786554039691883,0.01633764895592667,0.06120339708051214,0.03730639919698768,1.69103077717014,15.475,0.646352910269369,0.3108985111392177,0.07631962781766569,0.164576349337048,0.0024156743589743585,轻微破坏
剪力墙,239.0,0,2,0.276,9.75,5.79,3.81,51.21,36.58,0.079826,0.012531,0.003964,0.156983,0.002369,0.653856,31.01,0.064929,0.054728,0.182777,0.160481,8.205128205127515e-07,基本完好
框架,373.23,0,15,3.014,53.4,4.2,3.4,22.2,96.9,0.8443797294204999,0.16419522073193674,0.26014911586800255,0.19445661117969323,0.14630311757440834,4.947668153004525,33.42118523666393,0.7625392863478633,0.4890832636348562,0.15683302548015834,0.513837762441671,0.008699661999129952,中等破坏
砌体,344.72,0,3,0.119,9.0,3.0,3.0,4.6,3.0,2.239100158263017,0.3144835638792456,0.06317994850991943,0.1404508693899635,0.553188161236391,4.927213669467736,7.960000000000001,1.435854773106762,1.434096017505728,0.3280894865128943,2.652849210761564,0.0023330317160439092,严重破坏
框剪,477.25,0,10,2.097,40.2,5.4,3.9,23.4,23.4,1.873077141561675,0.1085221809430345,0.01460644425269694,0.05793791325249654,0.3233754358004974,3.39724565504378,5.275,1.518355113924807,0.8728881792149563,0.312162558300578,0.4315090574175601,0.0025332820512820515,中等破坏
框剪,375.16,0,10,2.097,40.2,5.4,3.9,23.4,23.4,4.389037796045,0.2744241014789641,0.03044452788049567,0.06252488910581952,1.1504821092363229,4.420717425542182,1.2202856619987013,4.985325174985363,0.8080879422830818,2.301605223433909,0.5129516078477985,0.004734863626089127,中等破坏
剪力墙,403.72,0,16,1.91,49.5,6.0,2.9,30.6,30.6,0.4056908127238122,0.02409251218963346,0.002352603129874974,0.05938638843674099,0.03097512158447837,1.68836768633475,16.795,0.6905367300660525,0.2501892880554792,0.07135392247725052,0.3377323529241286,0.0011189655172413797,轻微破坏
砌体,559.0,0,3,0.741,16.46,5.49,5.49,32.31,21.54,0.150044,0.004456,0.000203,0.029696,0.000948,0.138743,2.295,0.11192,0.014408,0.315902,0.026534,3.0194410692588094e-05,基本完好
框架,359.0,0,4,0.68,16.0,4.11,3.96,35.66,66.75,0.27527,0.03422,0.00715,0.124314,0.030734,2.342759,36.22,0.222304,0.171854,0.632274,0.772327,2.433090024331012e-06,基本完好
框架,391.76,0,15,3.014,53.4,4.2,3.4,96.9,22.2,0.5089585500069984,0.009672479538421696,0.0007880863081452932,0.01900445436723422,0.008811433773867993,0.4504553159591747,5.34,0.4272935968177323,0.06299641856832622,0.06342417241706155,0.01080573604498773,0.0004027058823529412,基本完好
剪力墙,477.92,0,10,0.91,32.1,6.0,2.9,30.6,30.6,0.98892416063,0.05523975225587518,0.005508778962812836,0.0558584312680604,0.13746032633127267,3.182364588801669,12.735856582986854,1.0805127823723486,0.18753415256538877,0.2462613519346565,0.5831394537930771,0.001333374144850473,轻微破坏
剪力墙,517.0,0,4,0.386,15.24,3.81,3.81,21.03,99.49,0.045634,0.001719,9.9e-05,0.037666,0.000186,0.117141,10.305,0.035901,0.006042,0.099765,0.05453,4.068241469816272e-06,基本完好
剪力墙,264.0,0,6,0.398,15.88,2.74,2.62,53.15,17.89,0.513755,0.01568,0.000781,0.03052,0.007648,0.527406,5.7,0.238908,0.042657,0.685254,0.415292,1.1111111111111117e-05,基本完好
框剪,322.0,0,10,2.097,40.2,5.4,3.9,23.4,23.4,0.3576866888135495,0.04971700855170107,0.01722808644405927,0.1389959707939172,0.05740296397001435,3.053680938535033,33.2,0.2965231234616204,0.4761696470790197,0.08467530322395027,1.046707231551803,0.0044811794871794895,中等破坏
砌体,296.97,0,3,0.119,9.0,3.0,3.0,4.6,3.0,0.7173830235215,0.16364990492525577,0.11002258121041757,0.22812068247995165,0.16016373890563226,5.216642170733564,28.374382506501853,0.5309232338256039,0.5807039351830043,0.17809041410149945,1.0536633976878371,0.0006406015971563837,轻微破坏
框剪,314.0,2,12,1.22,55.47,4.57,3.66,32.31,97.23,0.162905,0.029516,0.028834,0.181187,0.007391,1.611104,83.85,0.12847,0.070654,0.356717,0.15458,3.0740393626991584e-05,基本完好
框架,242.05,0,15,3.014,53.4,4.2,3.4,96.9,22.2,2.312171122481103,0.263244105408882,0.1467192305259163,0.1138514804762395,2.389345672004645,25.37539449925827,51.41,2.640632094474391,2.933256584136712,0.3860011341393711,1.242138440951558,0.029865735294117676,倒塌
剪力墙,612.78,0,16,1.91,49.5,6.0,2.9,30.6,30.6,0.2803458581668126,0.006300904932169603,0.0007349919518390449,0.02247547002610044,0.01016912948543234,0.8643354559607354,11.945,0.1122087858519123,0.02222453106649738,0.03937644277377272,0.02479942077311667,0.0008503793103448277,基本完好
框架,359.0,0,4,0.68,16.0,4.11,3.96,35.66,66.75,1.51997,0.22206,0.05392,0.146095,0.538313,7.167167,15.08,0.980678,1.134647,2.787871,6.596357,0.0023187347931873455,轻微破坏
剪力墙,282.0,0,1,0.136,3.8,3.8,3.8,92.01,75.1,0.344986,0.014965,0.002112,0.043377,0.005052,0.615066,14.505,0.179471,0.054491,0.508558,1.672178,5.9999999999999974e-05,基本完好
框架,257.0,0,5,0.844,21.34,4.88,4.11,80.47,63.4,0.160171,0.009594,0.00095,0.0599,0.000692,0.178208,12.59,0.104404,0.03125,0.290802,0.081405,6.102212051868801e-05,基本完好
砌体,255.0,0,3,0.119,9.0,3.0,3.0,4.6,3.0,2.746617214766638,0.1756302647271157,0.02857197031990087,0.06394420881907924,0.6744803039758671,6.321499732048312,8.790000000000001,2.197124618250756,1.750912269501883,0.3747753118694688,2.785042611126558,0.0030245978386209374,严重破坏
砌体,266.41,0,3,0.119,9.0,3.0,3.0,4.6,3.0,0.5931644844720662,0.06426401618145526,0.009093440081889507,0.1083409709511724,0.08991200486886818,2.701837225141814,13.11744,0.4561658612189871,0.3756806541378373,0.1466412046185002,0.6208178494825662,0.00030822648814464855,基本完好
剪力墙,301.0,0,16,1.91,49.5,6.0,2.9,30.6,30.6,1.473830116307617,0.1139909058959444,0.01417321971281617,0.0773433142902016,0.08753730689957034,1.723517392871052,10.455,0.8816290023946672,0.6120203021544285,0.1576555172081297,1.038712390641354,0.0016621379310344819,轻微破坏
框架,304.68,0,15,3.014,53.4,4.2,3.4,96.9,22.2,0.4153850947110623,0.05293517255498557,0.009041431405751314,0.1274363794680855,0.03005963765618445,1.712201826963716,21.025,0.2676245639931834,0.3381621333044449,0.06850723523453604,0.4578048486453962,0.0021705588235294117,轻微破坏
框剪,409.4,0,10,2.097,40.2,5.4,3.9,23.4,23.4,0.289792743576995,0.1188178882434122,0.1304052960832285,0.4100098807748217,0.04529213884200013,2.973979483926631,34.005,0.209132765374908,0.2973033316459344,0.06905348714340126,0.4510867585676159,0.0040873589743589765,中等破坏
剪力墙,457.0,1,4,0.476,20.19,4.04,4.04,41.45,33.22,0.156271,0.005919,0.001035,0.037879,0.001553,0.350799,17.755,0.109564,0.027717,0.302696,0.213823,1.708766716196138e-05,基本完好
框架,377.0,0,2,0.491,10.36,5.18,5.18,55.78,127.41,0.387069,0.022269,0.002983,0.057532,0.013127,1.075053,14.355,0.351812,0.093849,0.95113,0.525625,0.00018889961389961392,基本完好
框架,481.0,0,10,2.285,34.8,4.2,3.4,96.9,22.2,1.286906085535,0.12125769993584512,0.08775742984533606,0.09422420275946956,0.2452554684239439,4.284869950458783,15.388585625631919,1.4945509385797842,0.34978465941247106,0.2992482718693315,0.27044653540153213,0.007324875614621834,中等破坏
框架,324.0,0,2,0.469,9.75,4.88,4.88,85.34,51.51,0.051455,0.003728,0.000287,0.072447,0.000166,0.119653,17.395,0.036265,0.011364,0.102146,0.110265,2.4923076923076922e-05,基本完好
剪力墙,340.0,0,13,0.714,34.66,3.05,2.68,60.19,19.76,0.339823,0.017604,0.001781,0.051804,0.004195,0.390515,4.57,0.187351,0.056684,0.588377,0.190205,1.1941659070191414e-05,基本完好
剪力墙,585.04,0,10,0.91,32.1,6.0,2.9,30.6,30.6,0.00848206186184,0.0008228460332602774,0.00016425990439447108,0.09701014289487613,1.631048849504451e-05,0.027479253975766917,9.725965124197625,0.008551166446206068,0.004193684410265192,0.0030696494621201467,0.020820012144045136,0.000344422854950351,基本完好
剪力墙,525.79,0,22,3.1,66.9,6.0,2.9,30.6,30.6,0.4474455678875,0.07550119273083136,0.08614504838121688,0.16873827376878703,0.0450004095015594,2.2221424548969013,18.74940229449119,0.3614664570412829,0.31158833555673143,0.1161277932015046,0.24375753681993445,0.002950452940272344,中等破坏
框剪,550.88,0,10,2.097,40.2,5.4,3.9,23.4,23.4,1.802578526100845,0.103691851063159,0.01149083240349682,0.05752417970242586,0.1886969029917914,2.505742196990778,4.505000000000001,2.268584892055064,0.5288967386394802,0.1716540683435508,0.3837452293057663,0.0001678692307692308,基本完好
剪力墙,522.0,0,1,0.269,9.45,9.45,9.45,18.9,15.24,0.151101,0.00315,0.000189,0.02085,0.000368,0.10114,5.23,0.061132,0.009864,0.178527,0.146543,3.2804232804232773e-06,基本完好
框剪,358.72,0,10,2.097,40.2,5.4,3.9,23.4,23.4,0.6429953664120001,0.20585097480321088,0.24130246110560358,0.32014379194034753,0.1502839709979079,5.204001803799164,35.781243900622144,0.5811163617962672,0.5195733278067955,0.1536208868123385,0.4673569480489402,0.01002722805553703,倒塌
框架,432.58,0,10,2.285,34.8,4.2,3.4,96.9,22.2,0.6269088319515,0.03084657043271002,0.007239281069967434,0.049204236502280486,0.05675614147568898,2.230753932287077,20.671209702251144,0.48819137578040783,0.12175837182327626,0.1242067330543234,0.16451763715821172,0.002619360138168715,轻微破坏
剪力墙,281.74,0,22,3.1,66.9,6.0,2.9,30.6,30.6,0.07093177403619999,0.005886098403674118,0.0005501492077674178,0.08298253474768798,0.0006980276391913165,0.24415269076727808,16.969206577456244,0.07114999021252782,0.015477621779644238,0.015202926481340506,0.0034673799304896133,0.0005604015405146195,基本完好
砌体,352.2,0,3,0.119,9.0,3.0,3.0,4.6,3.0,2.502263252752793,0.1548498633334099,0.02547520330508304,0.06188392175086144,0.6970026417829206,5.933927203846547,9.745,2.678214883005653,1.393376855578051,0.4486562494765018,3.662163123694663,0.0021146126713407188,严重破坏
砌体,740.05,0,3,0.119,9.0,3.0,3.0,4.6,3.0,0.3716681792276619,0.02153422357373575,0.002430502481683942,0.05793937920239644,0.01027572893046329,0.6538013397554152,9.585,0.2758060533831458,0.1567786356140013,0.06234583333370346,0.4049031361194215,0.00014778077581166634,基本完好
砌体,341.56,0,3,0.119,9.0,3.0,3.0,4.6,3.0,0.08494898766689998,0.02339393060780444,0.026926269113569025,0.27538798578196344,0.004114119828291024,1.4840693881040097,99.68553073447723,0.06523956034463033,0.06927819541116154,0.015228041780654478,0.12791743794389038,0.0001198880697304932,基本完好
框剪,320.57,0,10,2.097,40.2,5.4,3.9,23.4,23.4,1.3685640987549998,0.05855991598241119,0.003344503396407812,0.042789311831052626,0.10250028180104169,1.3545195596000457,3.23731233645569,1.0861042295059429,0.09544500246672807,0.4217857301159938,0.03124343377219685,0.0009155594163229206,基本完好
框剪,219.31,0,10,2.097,40.2,5.4,3.9,23.4,23.4,0.8885507542923613,0.06298814114798888,0.006707081307697075,0.07088862492514839,0.1103785101831207,3.485292322970889,21.365,1.155407412977443,0.5599597679983728,0.09764785325412291,0.5100337637093766,0.001283,轻微破坏
剪力墙,267.0,1,18,1.332,79.55,3.96,4.11,36.58,76.5,0.07051,0.002431,0.000179,0.034473,0.000319,0.125632,7.235,0.057008,0.00852,0.156345,0.008278,2.6041666666666594e-08,基本完好
框剪,665.2,0,10,2.097,40.2,5.4,3.9,23.4,23.4,0.41812711671499997,0.0707619497079653,0.05871866475840153,0.16923549532951584,0.055539930164657386,3.280844380613317,34.10069087298678,0.3186832627614947,0.23129443902554264,0.09566272102572954,0.43376516093697376,0.004343583137251854,中等破坏
砌体,565.08,0,2,0.112,6.375,3.125,3.25,10.125,9.125,1.481781277978567,0.08805385123708986,0.02958259921258215,0.05942432432215108,0.1399105363964364,3.306809888473531,12.2,1.136898021555705,0.6657366340043177,0.1206869601763999,1.500277250080579,0.00167968366322338,中等破坏
剪力墙,895.0,0,3,0.32,11.89,3.96,3.96,22.25,35.05,0.039453,0.000952,3.2e-05,0.024133,6.2e-05,0.044081,4.635,0.016261,0.002702,0.049401,0.025217,5.719091673675357e-06,基本完好
剪力墙,634.85,0,10,0.91,32.1,6.0,2.9,30.6,30.6,1.102069446544756,0.01445149389831219,0.0003661759459606331,0.01311305194388701,0.03001827479030827,0.7384420873769812,2.78,0.25386665439613,0.0341786895651074,0.1174296662797507,0.119833991830794,0.00017127586206896545,基本完好
框架,377.41,0,15,3.014,53.4,4.2,3.4,96.9,22.2,0.3242559548402592,0.01822822867205307,0.004149659436259996,0.0562155556434823,0.004617303999384655,0.4576951311182293,10.195,0.2522726784958252,0.1125209917756378,0.03586336356323665,0.1068078600401459,0.0005485,基本完好
框剪,310.9,0,10,2.097,40.2,5.4,3.9,23.4,23.4,0.05129682095299999,0.035050365405339116,0.04036108370615234,0.6832853333631247,0.0029427935786257037,1.3460903832780957,124.52589033228956,0.027869898423007106,0.05768429861977885,0.011523163554014003,0.11250136295682722,0.001682916796635433,轻微破坏
剪力墙,337.0,0,5,0.354,13.58,3.05,2.64,111.26,16.62,1.710591,0.118501,0.024653,0.069275,0.230472,4.51135,19.39,1.536171,0.50034,4.296591,5.054376,0.0004436065573770492,基本完好
剪力墙,602.63,0,10,0.91,32.1,6.0,2.9,30.6,30.6,0.5846227532845,0.04393969835024076,0.013724688211525263,0.07515906300837731,0.07958043242871383,3.7441957608662744,33.9449331616556,0.6066707796639637,0.18437787711030135,0.11477236278095863,0.47273594026545557,0.001546945612682768,轻微破坏
剪力墙,392.24,0,10,0.91,32.1,6.0,2.9,30.6,30.6,0.529481210312135,0.09279242391398111,0.02489817157550743,0.1752515898709209,0.08851430425224775,3.232950387974418,19.03,0.4760718061411014,0.6777867536552443,0.09599350897290405,1.42958346615303,0.00166348275862069,轻微破坏
剪力墙,316.0,1,14,0.913,48.07,2.74,3.2,66.29,15.55,0.083697,0.033491,0.03579,0.400149,0.005772,1.450913,65.12,0.043728,0.083428,0.125498,0.254854,0.00013125000000000018,基本完好
砌体,447.22,0,3,0.119,9.0,3.0,3.0,4.6,3.0,0.5936729183035,0.07790445169604206,0.09619564692088353,0.1312245333990718,0.050182533878135406,2.680772265355802,24.08408212854261,0.5018237437290275,0.2200815880842169,0.10820140433406356,0.6932913397466443,0.0003834134079464712,基本完好
框架,551.56,0,10,2.285,34.8,4.2,3.4,96.9,22.2,0.1387938116495,0.008910457804789919,0.0008267566500352408,0.06419924418022148,0.001854055616412558,0.32617157244240536,10.24556265928347,0.12796714396367886,0.02277433093481375,0.03188710750357064,0.007779383360073057,0.000363537585021809,基本完好
框剪,240.09,0,10,2.097,40.2,5.4,3.9,23.4,23.4,0.0910220694922,0.029828080846674182,0.02213407323428185,0.32770163338496994,0.008697807621719875,2.1552229293996046,91.93745450380395,0.07801471922472498,0.10883724540814621,0.023055806323485327,0.19977452919434274,0.001791345832063733,轻微破坏
砌体,468.44,0,2,0.112,6.375,3.125,3.25,10.125,9.125,0.391711728142,0.04483184430067456,0.012773184109985456,0.11445111565416928,0.04129550167468906,1.8709143761817137,16.37116841916291,0.4283555882291575,0.24160282416773904,0.11905103874097582,0.6089533988494534,0.0003694742417102908,基本完好
砌体,452.15,0,3,0.119,9.0,3.0,3.0,4.6,3.0,1.237263706955412,0.1389799484344359,0.03094075718174946,0.1123284774726237,0.3287611897451423,5.25918832516721,14.6,1.670350144774639,1.000025752281937,0.2265608374395959,1.827132832191704,0.0012357958420387543,中等破坏
剪力墙,294.0,0,2,0.236,7.9,3.95,3.95,14.59,24.32,0.120914,0.018361,0.004688,0.151851,0.004714,0.964168,36.18,0.094098,0.085659,0.268761,0.264812,5.367088607594924e-05,基本完好
剪力墙,516.18,0,10,0.91,32.1,6.0,2.9,30.6,30.6,0.8460639234915,0.1098058979052089,0.07248573493002515,0.12978439909370756,0.16434702373299756,5.560714279566015,36.16975326405459,0.6137866278903429,0.3811888145169635,0.1597827173339729,1.3375673905543006,0.002282024940424548,中等破坏
框架,236.0,1,9,1.358,40.23,4.88,4.47,75.4,42.1,0.4322,0.08085,0.05312,0.187066,0.120055,6.449872,67.42,0.309715,0.388004,0.876525,1.36373,0.0005225409836065581,基本完好
砌体,425.81,0,2,0.112,6.375,3.125,3.25,10.125,9.125,0.4475948079875117,0.01591072168116839,0.00170480556890448,0.03554715425030649,0.008201255221858642,0.4012176429444756,5.24,0.4151482667316798,0.07641223604319265,0.08174456518120961,1.751229987741865,0.0003835925419176249,基本完好
剪力墙,632.35,0,22,3.1,66.9,6.0,2.9,30.6,30.6,0.213648265299,0.009692607552940255,0.0007615926261237595,0.04536712497700594,0.003700059279485567,0.48223271820364616,8.154315543500905,0.1770715774952255,0.021616094180273823,0.05049312367632213,0.004813231920216591,0.0006166793856242837,基本完好
剪力墙,468.44,0,16,1.91,49.5,6.0,2.9,30.6,30.6,0.5401108264043336,0.05910717849197662,0.01001204472420345,0.1094352780992549,0.04288989730573901,1.369218770580982,4.925000000000001,0.3931088725005297,0.426255890593131,0.08803699323431417,0.9713318872217802,0.001414000000000001,轻微破坏
剪力墙,235.0,0,16,1.91,49.5,6.0,2.9,30.6,30.6,1.630460271994672,0.0719944677399857,0.004821090895596504,0.04415591656944155,0.221869399609935,3.048203499956258,7.31,2.263519149779218,0.5750910820609574,0.2149846513825912,0.6622195578140174,0.0009039310344827591,基本完好
框剪,356.39,0,10,2.097,40.2,5.4,3.9,23.4,23.4,0.4540439373731484,0.03531870831226999,0.008271784387874091,0.07778698360472526,0.0413656077233104,2.2797877552255,27.8226,0.5741745795023284,0.2406372151558785,0.08195170896105707,0.2165492867117639,0.0013182846153846153,轻微破坏
剪力墙,257.0,0,1,0.257,8.89,8.89,8.89,71.55,27.76,0.056619,0.003402,0.000287,0.060092,0.000549,0.229853,17.115,0.056563,0.012612,0.15787,0.138936,3.412969283276472e-07,基本完好
框剪,256.0,0,10,2.097,40.2,5.4,3.9,23.4,23.4,0.8090302865644999,0.1923566175573259,0.08844830539752059,0.23776194878211182,0.23094060966481078,7.701926933304337,58.510265776171,0.694132504383165,0.6305017969345017,0.14892094127098543,0.7838173082314523,0.009355851726221644,严重破坏
剪力墙,337.0,0,5,0.354,13.58,3.05,2.64,111.26,16.62,2.288882,0.240828,0.056633,0.105217,0.366575,6.045316,19.02,1.73782,0.739054,4.874155,6.561789,0.00012688524590163884,基本完好
框剪,276.25,0,10,2.097,40.2,5.4,3.9,23.4,23.4,0.632950414817,0.025755105226137564,0.006922902439071611,0.04069055746425877,0.027198221311099967,2.284662808770391,50.570051246428335,0.42507808329143115,0.09958957090196074,0.05497246466244868,0.12085666426995567,0.001344396503470499,轻微破坏
剪力墙,497.53,0,10,0.91,32.1,6.0,2.9,30.6,30.6,0.6439506321884999,0.05812451584284587,0.039833274064953315,0.09026237872506881,0.1462370638753405,5.835960076797406,39.06793078838963,0.5862243707590141,0.24319898571422438,0.1450240998587051,0.7847069124287346,0.001924173109762771,轻微破坏
框架,1315.92,0,15,3.014,53.4,4.2,3.4,22.2,96.9,0.7037729552049548,0.1141090086240458,0.06477802266035385,0.1621389508933526,0.06500756726462183,2.133454354429005,10.63,0.5849990695315491,0.3916693600947728,0.1007583097670398,0.4176480822877937,0.004847558823529412,中等破坏
框架,367.53,0,10,2.285,34.8,4.2,3.4,96.9,22.2,0.8926372458787406,0.05794748091526934,0.01392981218043785,0.06491716672456792,0.1294823966491367,3.383520544510775,17.35,1.084969581151076,0.610906787625168,0.1520225397317738,0.5101959673697815,0.0035821470588235297,轻微破坏
框剪,257.21,0,10,2.097,40.2,5.4,3.9,23.4,23.4,0.211014735233597,0.02273031474381,0.003430911628793542,0.1077190875729468,0.0204245439414771,2.021747828630289,42.8,0.2037791334332263,0.264498523715585,0.0461001940837141,0.3300738177771358,0.0011921025641025641,基本完好
砌体,497.53,0,2,0.112,6.375,3.125,3.25,10.125,9.125,0.6439506321884999,0.05812451584284587,0.039833274064953315,0.09026237872506881,0.1462370638753405,5.835960076797406,39.06793078838963,0.5862243707590141,0.24319898571422438,0.1450240998587051,1.267148908919575,0.0007568594005164161,轻微破坏
剪力墙,813.48,0,10,0.91,32.1,6.0,2.9,30.6,30.6,0.1925979904106248,0.01675963124485708,0.00459021199270353,0.08701872334765817,0.004544195762894861,0.47587102288315,10.45,0.1900525724387738,0.1198509600956246,0.04387895471553346,0.372164721149022,0.00039151724137931034,基本完好
砌体,570.88,0,3,0.119,9.0,3.0,3.0,4.6,3.0,0.103700224292,0.004861111447708191,0.0008811670485348241,0.04687657602379172,0.0011147645554499851,0.30388684264888605,12.396155716237939,0.10196605090919181,0.01711275014295576,0.02247862375905435,0.1749203450311613,0.000102650474552373,基本完好
剪力墙,274.15,0,10,0.91,32.1,6.0,2.9,30.6,30.6,0.7114294667511794,0.02524807918773561,0.002998935173547023,0.03548922327189192,0.02066912060868291,0.9824508712176225,10.2,0.7515910743066896,0.1674807791363588,0.05680748603242287,0.9097183652569151,0.0006977931034482759,基本完好
砌体,341.14,0,3,0.119,9.0,3.0,3.0,4.6,3.0,2.364377884434654,0.08713590188134143,0.009397865152182085,0.03685362752501659,0.3127034085259181,3.64561650199827,7.809999999999999,2.923046940811617,0.6224659662622084,0.2470585087317097,2.916018172809086,0.0021066866086128905,严重破坏
砌体,312.47,0,3,0.119,9.0,3.0,3.0,4.6,3.0,0.7418365821457297,0.1070617158888959,0.08215594036689526,0.1443198117558784,0.3360566736886788,8.405589400192666,38.92,0.514567165198488,1.231738324550859,0.1870286219744487,0.8585364484885003,0.0005699176332569209,轻微破坏
框架,420.0,0,9,1.319,38.71,5.18,4.42,100.28,180.75,0.039062,0.000985,0.000107,0.02522,7e-05,0.059414,8.685,0.018999,0.003557,0.057609,0.003921,6.271104679208878e-07,基本完好
剪力墙,264.0,0,6,0.398,15.88,2.74,2.62,53.15,17.89,0.281294,0.050943,0.027222,0.181101,0.037179,3.119941,44.83,0.233704,0.206429,0.650254,0.853475,0.00014538606403013155,基本完好
框架,341.56,0,10,2.285,34.8,4.2,3.4,96.9,22.2,0.099154057485,0.02781283849723472,0.023222718230855848,0.28050126442321577,0.008283930072569263,2.388823961172537,124.91353372203676,0.0917607791556781,0.09160620453225404,0.0193034581721208,0.14675489911626308,0.002053972419994504,轻微破坏
框架,296.97,0,10,2.285,34.8,4.2,3.4,96.9,22.2,0.7173830235215,0.16364990492525577,0.11002258121041757,0.22812068247995165,0.16016373890563226,5.216642170733564,28.374382506501853,0.5309232338256039,0.5807039351830043,0.17809041410149945,1.232939309472118,0.01151237888368713,严重破坏
砌体,277.09,0,3,0.119,9.0,3.0,3.0,4.6,3.0,0.08835408209984999,0.004646174272547878,0.0011425889622912891,0.052585847332975305,0.0016927405461217185,0.4401391189353034,21.74918056111708,0.09571664514503854,0.023263939494633,0.020911991951200734,0.1581880178081856,0.000100776128257113,基本完好
剪力墙,211.74,0,10,0.91,32.1,6.0,2.9,30.6,30.6,1.372323678380021,0.1395136900972735,0.04524417968245447,0.1016623791421892,0.4623688960261029,7.59119771413695,23.96,1.153942988036485,1.652495217903048,0.219396371121802,4.031475840991051,0.005483034482758624,严重破坏
框剪,257.21,0,10,2.097,40.2,5.4,3.9,23.4,23.4,17.450119723049998,1.0966542562192299,0.3241542258407876,0.06284508494062942,22.739778277532853,36.2429840675968,10.5371417276872,13.439399249206902,3.3826869480492863,3.482197153429943,3.652294827872918,0.01796952120103573,倒塌
砌体,276.25,0,3,0.119,9.0,3.0,3.0,4.6,3.0,0.114465572396,0.008932151706248432,0.0037444143943977473,0.07803352151463637,0.0033587528286389595,0.9616960469973878,63.89549298900008,0.08118845817019402,0.04532298146127539,0.017186029935522852,0.2588327087606827,0.0001224963530644928,基本完好
剪力墙,225.6,0,10,0.91,32.1,6.0,2.9,30.6,30.6,0.131916898337,0.033974661156668584,0.014238853662567398,0.25754593675994114,0.01132630933560743,2.0608405825135785,61.07775433307458,0.09055624045140867,0.103400412457198,0.03227931670161013,0.3790135380462212,0.0008645547258508053,基本完好
剪力墙,282.0,0,1,0.263,9.14,9.14,9.14,30.48,91.44,0.070752,0.004146,0.000653,0.058601,0.001202,0.493743,52.55,0.06054,0.020818,0.172464,0.144952,0.00023927789934354482,基本完好
框剪,347.0,1,13,1.107,48.77,4.88,3.66,40.33,40.33,0.044615,0.008455,0.002043,0.18952,0.000868,0.403913,33.31,0.026809,0.036606,0.076182,0.119667,0.0014055737704918036,轻微破坏
框架,380.0,1,3,0.784,19.35,4.88,4.88,57.0,90.53,0.081549,0.003108,0.000164,0.038113,0.000433,0.165423,8.575,0.053129,0.01002,0.151868,0.02135,5.743589743589742e-06,基本完好
剪力墙,203.22,0,10,0.91,32.1,6.0,2.9,30.6,30.6,4.387871650852302,0.6702048627030937,0.2790006281698469,0.1527403069260043,1.541029827836556,9.802789158820882,11.46,3.640570344331493,1.581257627469851,0.4962208831419426,2.987492720759481,0.0052032068965517245,严重破坏
框架,415.0,0,3,0.622,14.21,4.75,4.74,50.16,24.32,0.398463,0.028107,0.013301,0.070538,0.027109,2.113699,35.46,0.336595,0.14064,0.950107,0.420793,7.778947368421036e-05,基本完好
框架,544.68,0,10,2.285,34.8,4.2,3.4,96.9,22.2,0.3483240668100882,0.1303411174780788,0.1113816692332433,0.3741949807595202,0.03696796148825456,2.178247056276538,25.61,0.238722127761348,0.240250156974125,0.08208465922531984,0.4264225299563227,0.005348323529411762,中等破坏
砌体,354.96,0,3,0.119,9.0,3.0,3.0,4.6,3.0,0.06496704588675,0.012418092841012295,0.016951004803105192,0.19114448981810578,0.0010937802627037892,0.5467205595204255,47.1963217398007,0.0592525051964273,0.03372367805913994,0.011411234195266852,0.08145661938777665,9.484857180082283e-05,基本完好
砌体,296.97,0,3,0.119,9.0,3.0,3.0,4.6,3.0,0.9042109201727518,0.1374900138419956,0.03488222880974395,0.1520552459328048,0.2726594763866869,6.579158207484034,23.19,0.8492595394570681,1.08941096353277,0.1304857709231975,1.043312199499564,0.0008703186022765738,轻微破坏
剪力墙,367.57,0,10,0.91,32.1,6.0,2.9,30.6,30.6,0.3525390272524256,0.04629374313977162,0.008305833691138183,0.1313152291267437,0.0111706681292487,0.6432996435009497,7.255,0.2179796021994586,0.2102573785709494,0.06820888512511082,0.3672897541234021,0.0011737241379310341,轻微破坏
剪力墙,444.74,0,10,0.91,32.1,6.0,2.9,30.6,30.6,0.7798797252399999,0.03766965118558083,0.005600489288127441,0.04830187266887645,0.09536575305198426,2.8619946696038054,13.95579221437649,0.7896653809260266,0.1390145135288905,0.19594790652581318,0.7225763311393794,0.001273574770677043,轻微破坏
框剪,430.36,0,10,2.097,40.2,5.4,3.9,23.4,23.4,4.723212530898319,0.2817200943607994,0.04339920894149631,0.05964586444455811,3.323426130713891,15.15297946740429,9.73,4.899893067088811,1.589993613056202,0.5881062125393282,0.8214238302955109,0.004479923076923077,中等破坏
框架,421.05,0,15,3.014,53.4,4.2,3.4,22.2,96.9,0.3097464923238516,0.02703807643105199,0.003468280312422848,0.08729098505103544,0.02228662306999473,1.521914680354098,17.28,0.4756321521588416,0.2374007518571722,0.05899209931074881,0.1681230379314805,0.0015209117647058828,基本完好
框架,365.0,0,2,0.469,9.75,4.88,4.88,25.6,57.3,0.225311,0.028676,0.009565,0.127275,0.017852,1.628858,18.99,0.111432,0.128852,0.325286,0.609407,1.5897435897435782e-05,基本完好
剪力墙,292.0,0,1,0.164,4.88,4.88,4.88,39.62,39.62,0.038386,0.001184,8.6e-05,0.030846,3e-05,0.035187,4.425,0.017474,0.003962,0.05,0.054746,9.016393442622948e-06,基本完好
剪力墙,517.0,0,4,0.386,15.24,3.81,3.81,21.03,99.49,0.050273,0.002427,0.000228,0.048278,0.000135,0.098751,9.43,0.036492,0.006992,0.098809,0.065611,6.824146981627299e-06,基本完好
砌体,346.56,0,2,0.112,6.375,3.125,3.25,10.125,9.125,1.03523900725,0.4564233764039918,0.49491293458383256,0.44088695770499503,0.5409350723068921,10.30980841195257,33.57809527444143,1.0764113892679732,0.8651875226759886,0.30086120853933906,1.872632805833807,0.002290676558502428,严重破坏
框架,365.0,0,2,0.469,9.75,4.88,4.88,25.6,57.3,0.64369,0.08145,0.01771,0.126536,0.084899,2.774182,15.9,0.391786,0.387229,1.134509,1.295548,8.820512820512817e-05,基本完好
砌体,478.63,0,2,0.112,6.375,3.125,3.25,10.125,9.125,5.488879553833369,0.1525798525481015,0.00951099027162912,0.02779799612136534,0.6243570939983007,2.754794711799646,1.17,4.494034247379152,0.7123881233607368,0.6294968214102928,5.754148735007876,0.0204796007254581,倒塌
砌体,532.85,0,3,0.119,9.0,3.0,3.0,4.6,3.0,0.5305105400157828,0.01699753922954025,0.00132011837851819,0.03203996517964482,0.02122752797858384,1.203790077104734,10.605,0.5816916781031994,0.07040742188966413,0.05757693923375706,2.161925830545725,0.00032211798918842905,基本完好
框剪,320.93,0,10,2.097,40.2,5.4,3.9,23.4,23.4,1.3280224269899998,0.04442426501066186,0.003598742471695337,0.033451441864088625,0.06980522333689719,1.0142124293284973,2.2595621755959323,0.944621481418956,0.10136458844654977,0.4166328086109556,0.034134146928390965,0.0008247706583364093,基本完好
剪力墙,294.0,0,14,0.927,49.07,3.66,3.51,47.55,41.76,0.070725,0.005468,0.00111,0.077317,0.001732,0.593778,36.97,0.070756,0.032844,0.202389,0.077418,9.32001902044698e-05,基本完好
砌体,493.5,0,2,0.112,6.375,3.125,3.25,10.125,9.125,0.3535498883528493,0.03144768679181489,0.01225824110178607,0.08894837144009932,0.01784186322307524,1.109105456567624,13.265,0.441914368539011,0.2465360284972174,0.05277942717206052,0.421115910007177,0.00023628391419753367,基本完好
剪力墙,282.0,0,1,0.263,9.14,9.14,9.14,30.48,91.44,0.56937,0.06591,0.0299,0.11576,0.122132,4.12121,33.26,0.549538,0.349957,1.532547,1.789207,0.0003610503282275712,基本完好
框架,348.69,0,15,3.014,53.4,4.2,3.4,96.9,22.2,1.105342608212517,0.1827597542650644,0.1420791287107515,0.1653421779882445,0.2068657039984162,4.486849610210973,18.635,1.52520624590144,0.6457707530983439,0.1811260704803007,0.3280099698479844,0.010127970588235294,严重破坏
剪力墙,308.39,0,16,1.91,49.5,6.0,2.9,30.6,30.6,0.2695375496288225,0.0415386120284401,0.007856035972565898,0.1541106687570712,0.0182831944518755,1.090242558621845,11.65,0.2036636922707689,0.3031430348793195,0.0808220682416445,0.6334469805156903,0.0021853793103448296,中等破坏
框剪,535.13,0,10,2.097,40.2,5.4,3.9,23.4,23.4,1.080991932825,0.3802445000265752,0.6120333165677183,0.3517551690074753,0.6217495483130948,10.24055233024114,26.37896629572013,1.1822838827425235,0.8529262482694141,0.3639154607316804,1.461975597791136,0.0104791178900269,倒塌
框架,420.0,0,8,1.373,40.84,5.18,5.18,75.13,91.44,0.101682,0.005154,0.000789,0.05069,0.001657,0.424395,19.97,0.067362,0.021359,0.189114,0.04835,3.484555984555985e-05,基本完好
框架,382.21,0,10,2.285,34.8,4.2,3.4,22.2,96.9,1.583055190887774,0.1279100062376113,0.01310295375116735,0.08079946105093132,0.1053607727406965,1.500134205218089,2.8728,0.7302832925150334,0.4595865310453658,0.2081000875604097,0.59546022300184,0.0021319999999999993,轻微破坏
框架,271.1,0,15,3.014,53.4,4.2,3.4,22.2,96.9,0.708719142446,0.1304866879482192,0.08177280035502317,0.1841162177415879,0.1843111687762962,5.412441727406916,23.545967091872505,0.4586757133467989,0.6432539768259997,0.20971969343840363,0.4511109647332584,0.007976103526551818,中等破坏
砌体,209.36,0,2,0.112,6.375,3.125,3.25,10.125,9.125,0.8209088855764999,0.17054828666355534,0.1533578710450266,0.20775543992776294,0.19683589645138674,6.045743960419304,39.78880795092933,0.6462506860012607,0.6319454795103786,0.16672216496129402,0.9608427749726457,0.0008605553607694851,轻微破坏
砌体,415.13,0,2,0.112,6.375,3.125,3.25,10.125,9.125,0.4706800966231227,0.05876926412737466,0.01812058123414829,0.1248603128728251,0.06503136366887836,3.432245179498587,29.19,0.3278455914393995,0.577824866701417,0.0725081378362196,0.4530250736851844,0.0003324767633188887,基本完好
框架,393.96,0,10,2.285,34.8,4.2,3.4,22.2,96.9,0.3108075403894527,0.03229586567416891,0.009097753437492185,0.1039095307459435,0.01596009475552083,1.203448312838219,18.2616,0.3794513606682465,0.1237687683629954,0.05764334148657722,0.10720035044007,0.0022642352941176468,轻微破坏
框剪,202.14,0,10,2.097,40.2,5.4,3.9,23.4,23.4,0.280681817507,0.08844448280116296,0.07634324068778277,0.315105850413546,0.04780013267742202,3.4825815958489423,48.780514331430254,0.16674148883336404,0.29567076475118376,0.07420155685133774,0.4526418425407254,0.004764820774786803,中等破坏
砌体,424.54,0,3,0.119,9.0,3.0,3.0,4.6,3.0,0.1232512520645,0.0500375561623438,0.06010708090758307,0.4059801042520695,0.007737109765968895,1.1251537052935525,27.91112341709318,0.09855313676859548,0.1447913057588421,0.039465933025831144,0.1521855064736076,0.000162475358355988,基本完好
框架,320.57,0,10,2.285,34.8,4.2,3.4,96.9,22.2,0.5503442867198699,0.06678770014173473,0.02100697617890881,0.1213562160148857,0.07783802357276237,3.688681449865327,35.94,0.5540595844606208,0.4130634078588253,0.09435268414054471,0.4343089272813589,0.006688470588235294,中等破坏
砌体,614.98,0,2,0.112,6.375,3.125,3.25,10.125,9.125,3.37821832796,0.5182647128828969,0.33262398250212244,0.1534136229720418,3.5125084177864805,23.546004432685905,29.530003924470993,3.3727222787886473,1.2729959737402596,0.8175203809296383,5.011222869568071,0.01360702863071879,倒塌
剪力墙,255.0,0,16,1.91,49.5,6.0,2.9,30.6,30.6,0.8253571820164999,0.05528298726404597,0.004413370050366561,0.06698068238647834,0.04635944067942319,0.8851446636487251,2.2636238377612417,0.7200177201431578,0.13292421165544738,0.33922559932425395,0.05272562781687222,0.001179220814935135,轻微破坏
框剪,116.35,0,10,2.097,40.2,5.4,3.9,23.4,23.4,0.4213299263102043,0.03725496425317871,0.007250801001859602,0.08842230738138865,0.07035190476406113,3.406620749920903,29.81,0.5559128768948107,0.470573974883553,0.08558372084946976,1.086498840612686,0.0032195897435897433,中等破坏
框剪,471.53,0,10,2.097,40.2,5.4,3.9,23.4,23.4,0.2464282443676984,0.02049624314712235,0.003180166345488619,0.08317327098487812,0.003998966828136804,0.4617109260423128,9.450000000000001,0.1721545765980239,0.1168334051407294,0.02593847763403216,0.1417988802275904,0.0006638733587179488,基本完好
框剪,300.97,0,10,2.097,40.2,5.4,3.9,23.4,23.4,0.06939604283954999,0.017742971376811453,0.019619365511969532,0.25567699037011127,0.002922099037705812,1.0975384539770696,72.49533769028025,0.06511089274292098,0.0636192451971995,0.015049223117334108,0.11417452579335019,0.001327474405052154,轻微破坏
砌体,686.12,0,3,0.119,9.0,3.0,3.0,4.6,3.0,0.7575381171435,0.08674780671596985,0.13385779585951896,0.11451279447570989,0.08491091844987181,3.2054644242184627,17.69532387586677,0.6282347909340487,0.22967873832699948,0.16420038281668006,1.4741873230911617,0.0005907053537198788,轻微破坏
砌体,456.83,0,3,0.119,9.0,3.0,3.0,4.6,3.0,0.4973877190784883,0.02235168633976651,0.00748393859515038,0.04493815484865115,0.01895712296826097,1.119718082303522,14.595,0.7096523040474878,0.1848592481760565,0.05440739554246304,0.8000499959708784,0.00030305333351406897,基本完好
砌体,396.41,0,3,0.119,9.0,3.0,3.0,4.6,3.0,0.15584992959549998,0.005591231320718991,0.0006799370591103196,0.03587573850838899,0.001890309908792635,0.41423021391294707,17.030243121925317,0.09437915229181283,0.02097722636407573,0.02497340357174644,0.41075013056012866,0.0001278169176867315,基本完好
砌体,271.9,0,3,0.119,9.0,3.0,3.0,4.6,3.0,0.504440738956,0.022354289234482724,0.0013335224443169979,0.044314995812486484,0.0073937062378035675,0.49226967801547084,7.564673020769641,0.31766119624520206,0.03773264392135845,0.07410673327852098,0.9035039920473313,0.000295379278236749,基本完好
剪力墙,316.19,0,16,1.91,49.5,6.0,2.9,30.6,30.6,2.667156444924216,0.2352965969460058,0.04260370960911179,0.08822002076173358,0.5253810800255476,5.312798898724348,8.475,2.438430847327754,1.198573156679763,0.2868903228298414,1.132812647456091,0.0038536551724137934,中等破坏
框架,329.0,1,4,0.752,18.29,4.57,4.63,60.45,60.45,0.060344,0.002255,0.000114,0.037364,0.000438,0.201084,11.88,0.057184,0.007954,0.155043,0.037316,1.7505470459518578e-06,基本完好
框剪,341.56,0,10,2.097,40.2,5.4,3.9,23.4,23.4,1.324149780905,0.09454650225423729,0.015439141403364906,0.07140166740776015,0.11317132721582128,2.8035237746737076,16.174565982841067,1.0295425217210592,0.23438440913694022,0.19827754846261902,0.16813565235310932,0.002886188601699068,中等破坏
框架,341.56,0,15,3.014,53.4,4.2,3.4,22.2,96.9,0.9696836113965,0.11736001770680377,0.04253880806542905,0.12102918552762433,0.10149825127975508,3.7917522906100727,29.358013796188153,0.8962556858838727,0.36039309363217925,0.13937587239851276,0.3080258702783669,0.004107666649852823,中等破坏
剪力墙,351.31,0,22,3.1,66.9,6.0,2.9,30.6,30.6,0.18777998972949997,0.008122806085090934,0.0007737359074938107,0.04325703764704623,0.0014912824647503099,0.2895425294214567,8.29529093708452,0.10842022222154392,0.02378439748813556,0.03178233480875232,0.00503279060600259,0.0005576628348023321,基本完好
框架,1043.0,0,15,3.014,53.4,4.2,3.4,22.2,96.9,2.7043406438999997,0.5527917518834239,0.15152626844995987,0.20440906848414947,1.2223444967359007,7.492670569257239,7.043239899508552,1.9861008214700593,2.1360637018089768,0.9874889037151177,1.602718742698351,0.0143120530401419,严重破坏
剪力墙,277.5,0,10,0.91,32.1,6.0,2.9,30.6,30.6,1.5851537706549998,0.5089854558066313,0.3620373493506904,0.32109531909722167,1.2212634563703666,15.612466005695097,33.772479481359696,1.2707323290638715,1.3509144813513096,0.4507594722410169,3.4763909456634625,0.006284210739066189,严重破坏
框架,335.5,0,15,3.014,53.4,4.2,3.4,96.9,22.2,0.4558450938768691,0.02665862876420459,0.002756410341783358,0.05848177181743565,0.02642083827583716,1.19600447901754,9.55,0.6528245203557074,0.2483847268033761,0.08916337493926524,0.1029748331156862,0.0031473823529411765,轻微破坏
框架,638.39,0,10,2.285,34.8,4.2,3.4,96.9,22.2,1.211714577325,0.134056013852047,0.07908065614239518,0.11063332599991588,0.4129376162189283,6.050703641666001,14.889185441501033,1.5120049681989747,0.4344066849311523,0.39475569822743173,0.25545532700893514,0.009130955599914559,中等破坏
框架,431.0,0,12,1.627,51.21,4.27,4.27,72.47,51.21,0.779933,0.023797,0.002225,0.030512,0.01226,0.607268,4.46,0.325653,0.080307,0.942523,0.039086,2.4897480960749853e-05,基本完好
框剪,297.07,0,10,2.097,40.2,5.4,3.9,23.4,23.4,1.466987978303809,0.07028911324756577,0.01485005286306176,0.04791389860524754,0.2271054781641556,4.184047366119317,13.595,1.840591558250417,0.7386897756178817,0.1883152630148278,1.022891270927741,0.0015528974358974361,轻微破坏
剪力墙,283.14,0,22,3.1,66.9,6.0,2.9,30.6,30.6,1.162648019375416,0.1214401376635725,0.02885578410095473,0.1044513349180357,0.2675955179719248,4.488529364356175,14.5,1.664166564745781,0.8689206418029508,0.2360618199573237,0.6990176472816093,0.003580655172413793,中等破坏
剪力墙,169.72,0,16,1.91,49.5,6.0,2.9,30.6,30.6,1.35743720179983,0.2133542791306722,0.04151992417676922,0.1571743273631997,0.541065905179475,6.568978205113176,9.090000000000002,0.7511027936565512,1.252114334983127,0.2941260765541874,1.941756300670505,0.009122793103448287,倒塌
剪力墙,344.76,0,22,3.1,66.9,6.0,2.9,30.6,30.6,0.07925168686295,0.0048442372941430506,0.0004417996919437616,0.06112472157873678,0.0010859785536184796,0.3171339947422006,15.82314504886552,0.07778430986719903,0.013685187707862492,0.019637485335309478,0.0026131405710063268,0.0005597871423120507,基本完好
框架,430.0,0,6,1.069,29.26,5.18,4.72,137.77,92.05,0.075864,0.003688,0.000341,0.048619,0.000388,0.165713,12.97,0.054598,0.012668,0.149012,0.01243,5.897945659377071e-06,基本完好
框架,464.0,1,20,1.694,54.03,2.7,2.57,60.5,21.13,1.10434,0.11871,0.02923,0.107494,0.366335,5.817746,13.1,1.332413,0.593834,3.636576,0.918752,0.001055030094582975,基本完好
剪力墙,373.23,0,10,0.91,32.1,6.0,2.9,30.6,30.6,0.8443797294204999,0.16419522073193674,0.26014911586800255,0.19445661117969323,0.14630311757440834,4.947668153004525,33.42118523666393,0.7625392863478633,0.4890832636348562,0.15683302548015834,1.0780422000129246,0.002510519858263643,中等破坏
砌体,375.16,0,3,0.119,9.0,3.0,3.0,4.6,3.0,3.012337577309104,0.113978643474554,0.01475835279525351,0.03783727439219151,0.3988688808247825,3.968312989791841,4.49,2.603961557337477,0.8833951387214656,0.2495667900277294,7.07143916791143,0.002652484252462271,严重破坏
框架,362.0,0,32,2.743,102.72,3.66,3.1,31.55,27.13,0.319785,0.013153,0.001041,0.041131,0.003108,0.302757,5.465,0.229456,0.042889,0.642681,0.006977,3.2807308970099704e-06,基本完好
框架,229.66,0,15,3.014,53.4,4.2,3.4,22.2,96.9,0.22725440377499997,0.08151259004442647,0.07492842139773795,0.35868431454085464,0.04385952687000229,3.29253365194008,43.75562035676169,0.19332617043394912,0.22771848043443405,0.07504758172755406,0.22367559342771387,0.004433995482947765,中等破坏
剪力墙,257.0,0,1,0.257,8.89,8.89,8.89,71.55,27.76,0.114629,0.00691,0.001205,0.060284,0.002522,0.532691,20.45,0.098032,0.036697,0.288983,0.244082,1.70648464163823e-06,基本完好
剪力墙,503.83,0,10,0.91,32.1,6.0,2.9,30.6,30.6,0.216258991662,0.013238975429374888,0.0010599352782220052,0.061218150180162786,0.004537076079290424,0.40136986564270105,7.180736033298204,0.2446094988367153,0.035943772221864095,0.05958338931099662,0.08844341439193738,0.0004087187939460809,基本完好
砌体,322.75,0,3,0.119,9.0,3.0,3.0,4.6,3.0,0.4177256435185749,0.1235985249577656,0.1136223119315172,0.2958844564022308,0.0709584144018835,3.475437134563433,30.65,0.4409385116151052,0.3712161970311872,0.08696534782660774,0.3986256885577686,0.00031322971630570864,基本完好
框剪,427.73,0,10,2.097,40.2,5.4,3.9,23.4,23.4,2.7632197705,0.511185879522446,0.5373819764529582,0.18499646136722153,1.8268157377007614,16.486972909900594,24.141675596535446,2.455994212203205,1.528213595890453,0.652056639239981,1.776485370792116,0.01325392122634319,倒塌
框架,322.75,0,10,2.285,34.8,4.2,3.4,22.2,96.9,1.13261951843088,0.07132447970169324,0.01329697654982807,0.06297302716494368,0.1289640128984362,2.630328296851748,9.25,1.060314602300951,0.6112769751004976,0.1708416020336259,0.3177670886301465,0.001482911764705882,基本完好
框架,382.21,0,10,2.285,34.8,4.2,3.4,22.2,96.9,2.340537747998788,0.3350466388043658,0.09732887110987305,0.1431494275581918,0.5457262135769857,4.391604130211602,5.0112,1.795865145742846,0.9198847311818467,0.3413423204451032,1.109126065256159,0.0053537058823529445,中等破坏
框剪,364.91,0,10,2.097,40.2,5.4,3.9,23.4,23.4,1.300950522418124,0.103252725435549,0.02107132201164565,0.07936714245183546,0.2471345184247975,4.124088578050477,13.07,1.472733286427056,0.7764633084147041,0.2268574647712826,0.5884936466478452,0.0031013846153846157,中等破坏
框剪,289.56,0,10,2.097,40.2,5.4,3.9,23.4,23.4,4.353704308743573,0.2505152776423942,0.05789728306030263,0.05754071932245899,0.8630950249660619,6.557030485942867,6.500000000000001,3.288177658506021,1.460627127458403,0.349928128199757,0.9821563108438,0.0022231641025641027,轻微破坏
剪力墙,518.98,0,10,0.91,32.1,6.0,2.9,30.6,30.6,0.7245932202109413,0.02132488853513706,0.0008753508828898751,0.02943015189809398,0.02408451678574169,0.8859671056188109,6.405,0.7493851353977026,0.08940174892348703,0.09726240288523284,0.2727223993911423,0.00041341379310344865,基本完好
框剪,467.03,0,10,2.097,40.2,5.4,3.9,23.4,23.4,0.467072783328717,0.03360083678889603,0.005433843668978218,0.07193918804138152,0.01448049763732054,0.8349785877112743,12.625,0.411835531250097,0.2295416572017125,0.06097959354034479,0.2162532050241165,0.0010114102564102564,基本完好
剪力墙,305.0,0,1,0.133,3.66,3.66,3.66,29.61,29.61,0.126804,0.002305,6.3e-05,0.018179,0.000369,0.097373,3.45,0.04355,0.006429,0.139861,0.362652,4.644808743169401e-06,基本完好
砌体,286.6,0,3,0.119,9.0,3.0,3.0,4.6,3.0,0.25776034219599997,0.009586436379159135,0.0010232122012420921,0.037191277360539995,0.0052384556238738575,0.5815336150527056,11.082788542798518,0.21670667234381183,0.02781900691441535,0.05153458286369508,0.41458081664503843,0.0001799072893001855,基本完好
框架,391.76,0,15,3.014,53.4,4.2,3.4,96.9,22.2,0.389893120118576,0.02472446065725939,0.00869720559437129,0.06341343148024793,0.004186995877463846,0.3139830771225613,3.47,0.3030590441976976,0.06199778995372351,0.04459315095547795,0.05563662861781095,0.0007994705882352941,基本完好
剪力墙,267.49,0,22,3.1,66.9,6.0,2.9,30.6,30.6,3.508264386726636,0.3379211948503356,0.08386427834585322,0.09632147341256421,1.994178809594286,11.55435690162835,11.93,4.204812965031264,2.723341871919973,0.7059492751798961,0.7369239976229252,0.014022000000000005,倒塌
框架,203.22,0,15,3.014,53.4,4.2,3.4,96.9,22.2,4.387871650852302,0.6702048627030937,0.2790006281698469,0.1527403069260043,1.541029827836556,9.802789158820882,11.46,3.640570344331493,1.581257627469851,0.4962208831419426,2.132196978464324,0.03397064705882353,倒塌
框架,325.97,0,10,2.285,34.8,4.2,3.4,96.9,22.2,0.46349787713949997,0.1039722612036373,0.08669351256488522,0.2243209005514917,0.050339722830509706,2.6787348783043075,23.600764734897805,0.4156569737558975,0.3093497715864449,0.10947476615368758,0.5496389930533794,0.005785470698072044,中等破坏
砌体,316.46,0,3,0.119,9.0,3.0,3.0,4.6,3.0,2.045794686760614,0.09106970315115158,0.01379356034406433,0.04451556343386279,0.2569012590597214,4.07934896541901,11.56,2.240874427853943,0.6686056075562364,0.2003004756278201,4.6822933056747,0.0013249147942698027,中等破坏
框架,274.0,1,6,1.002,26.82,4.88,4.32,56.75,49.34,0.051734,0.001718,8.4e-05,0.033212,0.000182,0.093924,6.455,0.038265,0.005614,0.10313,0.004979,2.666666666666666e-06,基本完好
框剪,219.78,0,10,2.097,40.2,5.4,3.9,23.4,23.4,0.6974919991934999,0.11754434408401504,0.08708339377433653,0.1685242901996437,0.11059220177265448,4.369825626370081,30.633646444109882,0.5242194701547926,0.42656878863153924,0.14242445242064522,0.4403512540313194,0.004699836852192919,中等破坏
砌体,364.84,0,2,0.112,6.375,3.125,3.25,10.125,9.125,3.285608034150514,0.08416123848878992,0.003087804273925503,0.02561511830200695,0.3291606533887745,2.155091211732255,1.61,3.360684489618622,0.2558615024740731,0.2266984387963425,4.914307302434783,0.004156959311800397,严重破坏
框架,365.0,0,2,0.469,9.75,4.88,4.88,25.6,57.3,0.085323,0.007103,0.000703,0.083252,0.001171,0.481577,48.88,0.058062,0.028695,0.170761,0.34616,7.897435897435901e-06,基本完好
框剪,235.82,0,10,2.097,40.2,5.4,3.9,23.4,23.4,0.587155909046,0.12099933593557434,0.09403800956703635,0.20607701305803394,0.09757974901173878,3.4828017852076085,20.266360836173792,0.3308820237632766,0.4929829238538976,0.16448019678952866,0.7575750976685849,0.005181840406343636,严重破坏
剪力墙,377.65,0,22,3.1,66.9,6.0,2.9,30.6,30.6,0.326703837558,0.00881110002084911,0.0002958058970533186,0.0269696863272531,0.005690844189144772,0.4322449606638165,4.139898426103979,0.1891752518612988,0.010424052184122805,0.08788508127983218,0.0014727869626012901,0.0006534684512948922,基本完好
框剪,259.36,0,10,2.097,40.2,5.4,3.9,23.4,23.4,0.37789258922799995,0.07870926107876748,0.06852593861594339,0.20828474366105806,0.08264871675630069,4.311177038056388,42.912420310799014,0.21294763036319847,0.4036495043719799,0.10402751074739422,0.6774878014442437,0.005559710019941663,严重破坏
砌体,290.63,0,3,0.119,9.0,3.0,3.0,4.6,3.0,1.23308306388399,0.08909294066670942,0.04025113330271799,0.07225218095696057,0.228285606669748,4.717323648987833,20.14,1.278145105393154,0.7776972749241007,0.2018560925108042,1.530192637981166,0.0008932654748417804,轻微破坏
框架,1222.52,0,15,3.014,53.4,4.2,3.4,22.2,96.9,0.4063369572364371,0.01627552501534283,0.001537566221850031,0.04005425725003035,0.01353378155136698,0.7182383707658426,6.815,0.4902770037251957,0.1176926234158088,0.06824107060119183,0.04361425116780983,0.0009482941176470589,基本完好
砌体,312.0,0,2,0.112,6.375,3.125,3.25,10.125,9.125,8.180990842185,0.9107432439618391,0.21075769690229681,0.1113243201869415,8.390252765199365,21.71982272147134,8.369053265451827,7.0693069031790845,3.636086927697251,2.3734003950242943,8.839599309223559,0.02762930802685756,倒塌
剪力墙,996.43,0,16,1.91,49.5,6.0,2.9,30.6,30.6,0.6078522288067029,0.02230662018557332,0.001419548956500223,0.0366974391611005,0.02681082954169673,1.30827087363731,9.15,0.7379059835497617,0.151184370153915,0.06470336110476396,0.249163058697715,0.0007877241379310342,基本完好
框架,190.0,0,15,3.014,53.4,4.2,3.4,22.2,96.9,2.632189941593511,0.2218787681653783,0.05197779815808793,0.08429436062317537,0.3379545616087593,3.619981703559646,4.984999999999999,1.470914839130372,1.090808866367913,0.2670512105373681,0.7089390222673637,0.00836876470588235,中等破坏
剪力墙,352.98,0,22,3.1,66.9,6.0,2.9,30.6,30.6,2.782917063001146,0.2761988143129029,0.1826382508175118,0.09924795028388136,1.225058648412244,9.165203400537912,10.5768,3.240260278686295,1.648476725574309,0.5227072265116686,1.13844639546808,0.005068310344827586,严重破坏
框剪,1530.0,5,42,2.405,137.16,2.99,2.91,32.69,32.69,0.056497,0.002066,0.000132,0.036572,7.7e-05,0.048488,5.6,0.036429,0.006331,0.099688,0.001187,3.107285324375394e-06,基本完好
砌体,338.67,0,3,0.119,9.0,3.0,3.0,4.6,3.0,0.29653191363599996,0.032392360461320456,0.030358155226657576,0.10923735008530265,0.02460128388114002,2.054722550767975,28.602646114446216,0.29221374613825013,0.11080136281873686,0.06951802635301893,0.45600677240672366,0.0002205455878050948,基本完好
砌体,503.0,0,3,0.119,9.0,3.0,3.0,4.6,3.0,0.14714986198149999,0.003653317948801247,0.00024234769046862847,0.02482719249346323,0.0027361712096399195,0.46617507130061453,15.656501852936458,0.05828979458822684,0.005399624300906822,0.03133617050186142,0.42854549920585605,0.0001452518162841529,基本完好
框架,348.87,0,15,3.014,53.4,4.2,3.4,22.2,96.9,0.5720595841405965,0.03409685557195693,0.006876776242267862,0.05960367856292546,0.04189208791777096,1.757466204594053,13.92,0.6717264785535253,0.2994141740796075,0.101073145542828,0.1912920369058924,0.001820029411764706,轻微破坏
剪力墙,518.0,0,22,3.1,66.9,6.0,2.9,30.6,30.6,0.100031164261,0.002448050640000987,0.00020863619507220204,0.024472879607934636,0.0007459174322433107,0.20113814937986996,8.048631526565377,0.04396855496470745,0.004601225893650605,0.022819493975810047,0.0010144606207515418,0.0005647689292042773,基本完好
剪力墙,680.37,0,16,1.91,49.5,6.0,2.9,30.6,30.6,1.424063215255264,0.06134388374983555,0.002715814183278078,0.0430766577583704,0.06814351191373211,1.332448783664096,3.945,1.293394822637634,0.2189217565579931,0.1390992668873396,0.1454883368469321,0.0011770344827586217,轻微破坏
框架,257.03,0,10,2.285,34.8,4.2,3.4,96.9,22.2,0.431315099635,0.13660312460067237,0.15849456524711825,0.31671305900552205,0.07775382994492051,4.1164699884369185,41.5732768122142,0.32884251839462225,0.3481447933447506,0.10251216854425735,0.591052777182557,0.00945709245790494,中等破坏
框架,271.06,0,15,3.014,53.4,4.2,3.4,22.2,96.9,1.672788907436094,0.1448883332686109,0.04563069102539904,0.08661483384097951,0.4263926917406062,6.194245173424341,12.76,2.052069870305091,0.9704361763008007,0.258049928485686,1.017955822057009,0.004109941176470588,中等破坏
剪力墙,282.0,0,1,0.263,9.14,9.14,9.14,30.48,91.44,0.051591,0.003285,0.000604,0.063672,0.000415,0.225339,26.13,0.03349,0.015139,0.094879,0.109226,0.0001177242888402626,基本完好
剪力墙,347.0,0,1,0.301,10.97,10.97,10.97,33.53,43.89,0.066809,0.002902,0.000394,0.043439,0.000595,0.224535,14.83,0.052293,0.011521,0.145351,0.139338,1.1485870556061984e-05,基本完好
剪力墙,268.0,0,6,0.448,18.59,3.35,3.05,82.3,69.04,0.119481,0.008682,0.000868,0.072662,0.001628,0.311622,11.01,0.113943,0.027837,0.318841,0.257078,2.6666666666666687e-05,基本完好
框架,280.26,0,15,3.014,53.4,4.2,3.4,96.9,22.2,0.3171677844179723,0.09237874801791694,0.05523768647356499,0.2912614475881879,0.05507880634535915,2.556526136679798,26.46,0.2306180357795065,0.5496997271894871,0.1020962816052705,0.4507686888929384,0.007407705882352941,中等破坏
框剪,316.46,0,10,2.097,40.2,5.4,3.9,23.4,23.4,0.123862633333482,0.03118955799673265,0.01342711694333756,0.251807644947765,0.005465808839858954,0.8963346715328924,26.27,0.07612877778804991,0.1082730448911572,0.02601184807235567,0.1340276104925036,0.0011912846153846156,基本完好
框剪,401.34,0,10,2.097,40.2,5.4,3.9,23.4,23.4,0.2302427518073471,0.02125730978225277,0.007234165647659108,0.09232564159083528,0.01081365456002172,0.921613495580224,14.932,0.3425343896052925,0.1020188206603871,0.05325083266170869,0.1202493003483218,0.0009791641025641029,基本完好
剪力墙,494.82,0,10,0.91,32.1,6.0,2.9,30.6,30.6,1.26500881675,0.18425378951541374,0.25822873946406466,0.14565415440248847,0.42131380983289707,8.364040014371598,29.549018912561465,1.4496331391667345,0.8132519224832904,0.2830433581992706,3.50646125314369,0.003857040603112334,中等破坏
剪力墙,264.0,0,6,0.398,15.88,2.74,2.62,53.15,17.89,0.212729,0.007085,0.000354,0.033307,0.001134,0.155087,3.035,0.132707,0.022435,0.375202,0.167645,4.896421845574395e-06,基本完好
框剪,202.89,0,10,2.097,40.2,5.4,3.9,23.4,23.4,0.130741081002,0.014535663112954565,0.005119620160294176,0.11117900358137782,0.0064162059857983955,1.4721694945158879,73.71195796586245,0.11406449758688239,0.06279702470410425,0.022115248789576682,0.08383411848411178,0.001144862464282428,基本完好
砌体,297.07,0,3,0.119,9.0,3.0,3.0,4.6,3.0,1.1139893487449999,0.03340881007521786,0.0021240723114077592,0.02999024192902348,0.02328177965944366,0.9353242878097539,8.897623832115023,0.5525042520890555,0.06154722659728998,0.12125306373747814,1.4115475591757323,0.0005463424836522982,轻微破坏
框架,315.52,0,15,3.014,53.4,4.2,3.4,22.2,96.9,0.4395375350702792,0.01796977192883823,0.004977978121909859,0.04088336147665974,0.02548062747862924,1.695642390689872,23.175,0.5924762242006745,0.2235302400722773,0.06308177758042782,0.1484525634028435,0.001891411764705882,轻微破坏
剪力墙,659.09,0,22,3.1,66.9,6.0,2.9,30.6,30.6,0.5891063652951218,0.02130773986374581,0.002831560036426161,0.03616959706940422,0.05136106456619885,2.096195435789086,13.28,0.3619543473605825,0.1893000163400106,0.08952679380285618,0.210803797912221,0.0016685172413793106,轻微破坏
框剪,456.13,0,10,2.097,40.2,5.4,3.9,23.4,23.4,1.371018066125436,0.0933115419574259,0.00966103548524656,0.06806003820294569,0.03951278915634823,0.7950811475299688,1.175,0.9244737357503532,0.307527151849307,0.1007306469983579,0.3283786284026959,0.0011395897435897433,基本完好
砌体,490.65,0,2,0.112,6.375,3.125,3.25,10.125,9.125,0.30011742100899996,0.02957111625045105,0.00386833860929644,0.09853182181504974,0.021749849368822197,1.4214220218369895,14.538763908497804,0.27716904452801344,0.11703079548014228,0.09168241376906643,0.38863293780940417,0.000251731665498706,基本完好
框架,339.0,0,5,0.826,20.73,4.27,4.11,49.99,77.72,0.094187,0.006762,0.002444,0.071795,0.001226,0.43893,29.92,0.069167,0.025344,0.205185,0.041195,3.807999999999999e-05,基本完好
框剪,213.44,0,10,2.097,40.2,5.4,3.9,23.4,23.4,0.20087402494249998,0.015619795510282577,0.0036313207040182247,0.07775916032326097,0.0070431970459249055,1.3285041860758737,62.091055136430604,0.17727156693188684,0.07910307559721119,0.025245969507735843,0.11153116173013086,0.0009239731057226352,基本完好
剪力墙,403.17,0,16,1.91,49.5,6.0,2.9,30.6,30.6,1.1129871091149999,0.17659824611300778,0.18583349863791307,0.15867052247660912,0.23102149069217742,6.064167638681173,25.999870068012243,0.9263393071286531,0.6453222609343405,0.22344068602996894,0.994672845465181,0.005803306726194828,严重破坏
框剪,334.69,0,10,2.097,40.2,5.4,3.9,23.4,23.4,1.377058932018029,0.1133233267939459,0.02941258850487205,0.08229373787792417,0.189238597063151,3.104241568744603,11.39,1.800421020320274,0.5415782907385754,0.2029794183312876,0.3810954631723422,0.001875743589743589,轻微破坏
框剪,282.0,1,5,0.592,21.18,4.72,4.63,60.45,32.85,0.058271,0.005599,0.001347,0.09608,0.001144,0.513486,47.72,0.048686,0.033373,0.135909,0.135951,2.2148288973384022e-05,基本完好
框架,378.75,0,15,3.014,53.4,4.2,3.4,22.2,96.9,2.93750159297,0.4513227133065132,0.1483493123015368,0.15364169142464953,1.816631800083859,16.87010071713668,24.37041135673652,2.036748676544074,1.7931427210276594,0.6471779025699319,1.2888040339691895,0.01528978762347702,严重破坏
剪力墙,275.82,0,10,0.91,32.1,6.0,2.9,30.6,30.6,1.365431544428745,0.04964340081177646,0.01082276411050285,0.03635729745246638,0.1140650678409338,2.662329378675074,11.0,1.23742460359565,0.452676277149352,0.1305769979329525,1.521121733793498,0.0017257241379310356,轻微破坏
砌体,782.0,0,3,0.119,9.0,3.0,3.0,4.6,3.0,0.520365954024,0.05753067796411096,0.052770410199679194,0.11055811303415436,0.04279078224248068,2.0089434187219566,18.098961857497102,0.5085327200235017,0.1628497268221773,0.11525769617942164,1.0417817628385622,0.0003768670599826179,基本完好
框架,663.31,0,15,3.014,53.4,4.2,3.4,96.9,22.2,4.13768074798453,0.4434744096998383,0.1244458363924555,0.1071794651909419,0.7749140334649631,4.3298096111334,3.215,2.448727263449298,1.592699229214738,0.4226265363362192,1.641757053913233,0.006999882352941177,中等破坏
框架,308.39,0,10,2.285,34.8,4.2,3.4,22.2,96.9,0.1943943781057069,0.02918800941938839,0.00777082461812295,0.1501484235491454,0.01466779236631392,0.9388189820749188,11.42,0.1640838980800502,0.3015611543984223,0.07788771198065511,0.5107157650476775,0.0007885882352941176,基本完好
砌体,325.97,0,3,0.119,9.0,3.0,3.0,4.6,3.0,0.46349787713949997,0.1039722612036373,0.08669351256488522,0.2243209005514917,0.050339722830509706,2.6787348783043075,23.600764734897805,0.4156569737558975,0.3093497715864449,0.10947476615368758,0.7456734195895383,0.0003557877981779732,基本完好
剪力墙,537.16,0,10,0.91,32.1,6.0,2.9,30.6,30.6,4.221177872100142,0.2373536876580457,0.07647619498121178,0.05622925516283828,1.330139162814984,9.078648642918859,10.91,3.953245999059865,1.839745251321483,0.5262579534668881,13.57630721632759,0.004507965517241383,严重破坏
砌体,493.5,0,2,0.112,6.375,3.125,3.25,10.125,9.125,0.1152305898403674,0.008464494778234263,0.001221915287558801,0.0734570116317238,0.00164397980212029,0.3677709792354987,17.84,0.1196373013941344,0.06526226574384394,0.01852430958934155,0.1444615808172591,6.757673937770094e-05,基本完好
砌体,569.84,0,3,0.119,9.0,3.0,3.0,4.6,3.0,0.9408743047177069,0.04881256652902395,0.004766361596040398,0.05188000807787956,0.107424339355792,2.637681670189227,10.5,1.291437892851326,0.5281993000110726,0.1599135913574315,2.000709484943939,0.00047580704818563633,轻微破坏
砌体,366.71,0,3,0.119,9.0,3.0,3.0,4.6,3.0,2.108687030245242,0.1571890296477988,0.03047271210919541,0.07454355596312347,0.4994388602844383,5.411552219859379,10.81,2.076947650798737,1.148260236470569,0.3248905010250124,3.055625219514105,0.0029688192187279716,严重破坏
剪力墙,179.84,0,16,1.91,49.5,6.0,2.9,30.6,30.6,1.267867455225,0.3124568612782018,0.14300657195747096,0.246442843840291,0.43621725359328917,9.120183378864029,26.59874305789971,0.6733298968415857,1.0575450355685483,0.3035585826872917,1.4570832908610654,0.008296933583231421,严重破坏
剪力墙,522.0,0,1,0.269,9.45,9.45,9.45,18.9,15.24,0.127018,0.004084,0.000184,0.032156,0.000394,0.121355,6.95,0.070152,0.011789,0.191973,0.180567,2.7513227513227525e-06,基本完好
剪力墙,396.21,0,22,3.1,66.9,6.0,2.9,30.6,30.6,1.16902328788,0.03517427447710568,0.0017782638193238984,0.030088600322833187,0.037651543290636885,0.9318921020424558,2.376450777998894,0.7453069536205956,0.05432302350924128,0.2983655199819635,0.008237271024266545,0.001246719922227571,轻微破坏
框剪,256.0,0,10,2.097,40.2,5.4,3.9,23.4,23.4,1.4932115235799999,0.15831394789286737,0.10974184843937265,0.10602245254128967,0.6217256637167505,13.128367663517396,60.05331094521,1.608447924596419,0.7751807790368455,0.24118626551721672,1.187142888274646,0.007688818954510002,严重破坏
框架,372.73,0,15,3.014,53.4,4.2,3.4,96.9,22.2,0.7217320801553302,0.1632089386606909,0.062781995764055,0.2261350758103551,0.1781641746192005,4.721531513282772,21.65,0.6517148783396226,0.800647104074167,0.1361900327535699,1.679706994510605,0.013019294117647065,严重破坏
剪力墙,411.0,0,1,0.168,5.03,5.03,5.03,84.12,102.11,4.5902,0.267711,0.065586,0.058322,1.892042,11.258959,10.28,3.860885,1.11645,11.082932,9.71807,0.0005435387673956263,基本完好
框架,279.46,0,10,2.285,34.8,4.2,3.4,96.9,22.2,0.12701994765949998,0.00635601916103695,0.0006686475063733952,0.050039535349797284,0.0028049519173276995,0.5351169327225451,19.522789910831364,0.1258068038419481,0.020532486226852817,0.02841276007757162,0.00931741530521508,0.0004301084243182955,基本完好
框剪,390.08,0,10,2.097,40.2,5.4,3.9,23.4,23.4,0.504508012575,0.03332393246444843,0.0030385980798339532,0.06605233541160956,0.008307038705123799,0.41535573443388485,2.6027363711009066,0.4065342156648359,0.06688126139564354,0.13391514024543724,0.028688303585591976,0.0004483583680272051,基本完好
框架,421.2,0,15,3.014,53.4,4.2,3.4,96.9,22.2,0.5487156045433602,0.08488249078455648,0.02841390984647621,0.1546930506107904,0.07146706150167641,3.144384862232736,27.54,0.6303040564851196,0.470912225669637,0.08625575829801119,0.616543614107123,0.0027642941176470584,轻微破坏
砌体,228.66,0,2,0.112,6.375,3.125,3.25,10.125,9.125,1.494671733765,0.247035696816228,0.1140158191943068,0.1652775597715747,0.8000353533809275,14.48451897799651,38.72341461123352,1.2783969011298395,1.1784526038683536,0.3407135615445862,1.757332920633388,0.002664395052348402,严重破坏
砌体,162.94,0,2,0.112,6.375,3.125,3.25,10.125,9.125,1.354189544334745,0.1220497553043913,0.01187972396025012,0.09012752743143435,0.06449109992336746,0.9015111290631836,4.74,0.9864517983937572,0.479024270825995,0.1911328103423632,1.563009198706603,0.0017370998215514503,中等破坏
框架,219.31,0,15,3.014,53.4,4.2,3.4,96.9,22.2,0.6186836385422739,0.03786554039691883,0.01633764895592667,0.06120339708051214,0.03730639919698768,1.69103077717014,15.475,0.646352910269369,0.3108985111392177,0.07631962781766569,0.2053577364569954,0.0022225588235294117,轻微破坏
框架,1004.58,0,15,3.014,53.4,4.2,3.4,22.2,96.9,0.09081855208475,0.02561564643077992,0.017949356314949955,0.282053014970729,0.00535533039563724,1.0580594417134581,35.86417598684443,0.07509564417922565,0.0901643939583084,0.02896572214328204,0.08843162791688845,0.001148783080408568,基本完好
框架,567.81,0,10,2.285,34.8,4.2,3.4,96.9,22.2,0.170266587694,0.002007436116590713,0.0001890351665863176,0.011789959168022092,0.0008470633803005012,0.21592742191134495,9.511475253750548,0.03993943110278055,0.00480017441160169,0.022369468550359255,0.003061861935443331,0.0003530214589419963,基本完好
框剪,309.41,0,10,2.097,40.2,5.4,3.9,23.4,23.4,0.9682408906876001,0.06233087240687392,0.01151683856439289,0.06437537704342294,0.09003939938224056,2.414393269098905,14.02,0.9707689227156487,0.5041838894338044,0.130894555652444,0.7389558039101798,0.017862794871794877,倒塌
框架,453.05,0,15,3.014,53.4,4.2,3.4,22.2,96.9,1.03927542439,0.13422031319651867,0.23204235258380781,0.12914797179515616,0.2015986550001127,5.001320664707984,16.877635066682743,0.713601562558934,0.5442847188672191,0.2590655546545058,0.3015863489779384,0.005948834969039851,中等破坏
剪力墙,217.0,1,5,0.442,18.29,3.66,3.49,22.05,65.23,0.260496,0.028309,0.031052,0.108673,0.014404,1.680647,36.82,0.188396,0.091385,0.5331,0.651765,2.6229508196721544e-05,基本完好
剪力墙,307.54,0,16,1.91,49.5,6.0,2.9,30.6,30.6,0.5843575194083561,0.05566548869486621,0.02023370626560603,0.0952593007637273,0.07186710729875763,2.527414659202314,18.515,0.9617914261069073,0.2869007328441153,0.1223148039435268,0.4284219026956408,0.0022700344827586223,中等破坏
框架,329.0,1,4,0.752,18.29,4.57,4.63,60.45,60.45,0.081731,0.00202,9.9e-05,0.02472,0.000222,0.107782,5.145,0.047793,0.006615,0.142631,0.0513,9.956236323851204e-06,基本完好
框架,237.53,0,15,3.014,53.4,4.2,3.4,22.2,96.9,1.247422551305,0.5330057710652968,0.498089013361973,0.4272856623504914,0.870210551716337,13.288133378802316,34.80375560553302,0.8101406909582696,1.1429008957997253,0.3748182868377173,2.3104636340918483,0.0158034689896503,严重破坏
剪力墙,334.0,0,3,0.282,10.06,3.66,3.66,10.36,73.15,0.043418,0.004584,0.000868,0.10558,0.000499,0.26403,28.0,0.037227,0.019831,0.105333,0.121623,2.8530670470756756e-07,基本完好
框架,218.49,0,15,3.014,53.4,4.2,3.4,22.2,96.9,0.2347548238945,0.08666160791462545,0.10356609350261947,0.3691579430698796,0.04518862293932904,3.456228462624483,51.513759778558004,0.15649512558385165,0.2767611436881453,0.07020605715501577,0.41722923569050896,0.004426055392529674,中等破坏
砌体,382.12,0,2,0.112,6.375,3.125,3.25,10.125,9.125,4.114874345215715,0.2376128578866496,0.04066898773504853,0.0577448636221219,2.244806790998275,11.26362184284387,9.18,5.966626655275222,2.038344132981607,0.6836591265813069,11.99108590966742,0.008509968126201563,倒塌
框剪,406.53,0,10,2.097,40.2,5.4,3.9,23.4,23.4,1.5467921171849999,0.374605954085511,0.338444054251185,0.24218248200492173,0.5757945112975537,9.414927730879144,22.30817333158916,1.274234951011759,0.7368285756154695,0.3808232098159043,1.1632887801315277,0.01037553624326653,倒塌
框剪,411.55,0,10,2.097,40.2,5.4,3.9,23.4,23.4,0.8225487535894999,0.047188321120713146,0.0031636793216896966,0.05736841848557817,0.02650158000350724,0.580169717521992,2.04190479789066,0.703616450396886,0.08586448631807515,0.27004727092393577,0.029221155600752516,0.0006799459061040866,基本完好
砌体,537.16,0,2,0.112,6.375,3.125,3.25,10.125,9.125,0.9587170903715992,0.08001470924230338,0.01714191253661542,0.08346018866868185,0.05867756584518955,1.546101499688129,5.195,0.8753948247625783,0.4549255853625129,0.0957151405712663,1.269921704957224,0.00080190838795252,轻微破坏
框架,286.0,1,6,0.957,25.23,2.74,3.65,45.6,53.2,0.171692,0.005221,0.000241,0.030407,0.000605,0.176865,8.57,0.081901,0.014108,0.224287,0.015026,1.5868794326241136e-05,基本完好
框架,336.49,0,15,3.014,53.4,4.2,3.4,96.9,22.2,1.137757936152316,0.12838149930409,0.02578699646891874,0.1128372698838315,0.1170343343222314,2.662012840138068,11.115,0.6763593742302423,0.668137514382494,0.1599330024927031,0.6322411572193872,0.0028638529411764706,轻微破坏
框剪,1530.0,1,4,0.583,20.73,4.27,4.11,83.76,44.09,0.050732,0.001931,0.000126,0.038067,7e-05,0.053577,6.26,0.028025,0.006021,0.079502,0.022417,5.016883743367101e-06,基本完好
砌体,349.43,0,3,0.119,9.0,3.0,3.0,4.6,3.0,4.202420378155663,0.1384435457489078,0.02241972394892012,0.03294376413852894,1.04945330502274,7.436510205899008,7.945,4.809061046231283,1.173661502810488,0.4048372118492498,8.226356128591242,0.005330144383223541,严重破坏
剪力墙,379.18,0,10,0.91,32.1,6.0,2.9,30.6,30.6,1.3393677403749997,0.11175657896666717,0.04377769824788464,0.08343980192876474,0.434134346394379,7.793453152360036,20.0931425085548,1.230475023004155,0.4322113226709565,0.34842539005865586,2.009008936506201,0.003023485768863421,中等破坏
框剪,506.0,0,10,2.097,40.2,5.4,3.9,23.4,23.4,0.5304357164435,0.04434908566721865,0.013713380207791136,0.08360878480162176,0.05668180680350537,2.721953329172249,15.556221517456319,0.5107497393702798,0.15962294746461822,0.14308412016390804,0.1544604957951523,0.002357423045821652,轻微破坏
剪力墙,450.28,0,10,0.91,32.1,6.0,2.9,30.6,30.6,3.143911930271187,0.1706085377851836,0.02232783393223855,0.0542663222027556,0.7053725124481153,7.607398137754807,15.47,2.619235645156945,1.321926508291021,0.2669652116104815,6.23230454069483,0.002116172413793104,中等破坏
框架,545.66,0,10,2.285,34.8,4.2,3.4,96.9,22.2,1.5031868479600001,0.06036344817764735,0.003191797191048938,0.04015698265293339,0.15614900429269254,1.5551787458010393,3.551819478311294,1.3842312607616134,0.10782774048882314,0.49701079461708975,0.027393425633914368,0.002327956621810589,轻微破坏
框架,367.54,0,10,2.285,34.8,4.2,3.4,96.9,22.2,0.500165782823078,0.06837131581322416,0.04622031334607331,0.1366973074953608,0.0961614811012269,3.590968029728734,24.8,0.4158930387546329,0.6413215548613663,0.116832423194134,1.523534146578905,0.003363941176470588,轻微破坏
框剪,257.21,0,10,2.097,40.2,5.4,3.9,23.4,23.4,4.630320357138082,0.1972022799227177,0.02238789171509365,0.04258933825576701,1.951839466872481,9.837372853250868,6.614999999999999,3.140045917321036,1.633680213894985,0.5520695101766895,0.5826962238236489,0.0035092051282051284,中等破坏
框剪,339.02,0,10,2.097,40.2,5.4,3.9,23.4,23.4,1.019265757499584,0.0960442766563278,0.05440534528531258,0.09422888579318041,0.2843251384219803,7.289133721824394,35.92,0.6969849438280706,1.097719248802622,0.1720310337797013,1.050528663865176,0.008385820512820516,严重破坏
框剪,351.0,0,5,0.475,15.8,5.64,2.84,45.41,78.94,0.590857,0.011633,0.000972,0.019688,0.007025,0.362941,2.085,0.275891,0.042172,0.76591,0.269679,6.690203000882613e-05,基本完好
剪力墙,219.31,0,10,0.91,32.1,6.0,2.9,30.6,30.6,0.5313178459942887,0.06425821339956007,0.01034095869366989,0.120941191574903,0.05182396380473338,2.160082928374139,16.545,0.6852519974069825,0.3328161447344208,0.07471701286483874,0.7115343094867201,0.0007317241379310349,基本完好
框剪,416.34,0,10,2.097,40.2,5.4,3.9,23.4,23.4,0.630404020078,0.16192507073881432,0.1581394708722917,0.2568591975647289,0.1671144475307087,5.577545360419437,32.711495880323255,0.4462327092394013,0.717867870581838,0.16942537300023391,1.510343106524263,0.009758471957728984,严重破坏
剪力墙,418.98,0,22,3.1,66.9,6.0,2.9,30.6,30.6,0.171679725959,0.007505456429633286,0.0010545894954422511,0.04371777964874964,0.0030855936822373714,0.4966290219373799,12.06656552000683,0.16862663852872567,0.02930725778819774,0.03790523422709388,0.007687757389513762,0.0006176945849288096,基本完好
剪力墙,227.18,0,22,3.1,66.9,6.0,2.9,30.6,30.6,0.11546594876249999,0.027376506792794065,0.022504136818019424,0.23709593249092292,0.015455601167428935,3.231521235294344,117.42010047655188,0.1301797164964443,0.12195390583061304,0.027195270396867057,0.15561040672172008,0.002599846331855181,中等破坏
框剪,210.17,0,10,2.097,40.2,5.4,3.9,23.4,23.4,0.6892285236375,0.14393154253711754,0.1131020659613341,0.20882992737662492,0.1942834477866128,5.91156516798851,28.79184432582815,0.494737116175386,0.6787323825528639,0.19471742255043398,1.1013988018398448,0.008765708187293478,严重破坏
框剪,286.41,0,10,2.097,40.2,5.4,3.9,23.4,23.4,0.5633518239513144,0.05174906597880652,0.02007928789260698,0.09185923215059784,0.03830147425347391,1.692761875471781,14.11,0.584565972439664,0.3244758619555653,0.07733076771252918,0.429208247486751,0.004287512820512821,中等破坏
框架,333.41,0,10,2.285,34.8,4.2,3.4,96.9,22.2,0.4347177188128334,0.03193468530771224,0.01175207684929921,0.07346073998299948,0.05331682962355484,2.937086914392746,30.72,0.5381026750867977,0.2959663779102147,0.07448947683143027,0.3934261164642733,0.007031058823529412,中等破坏
砌体,191.06,0,3,0.119,9.0,3.0,3.0,4.6,3.0,0.6362738592292272,0.02190144495845565,0.001656215794036831,0.03442141247950489,0.03270930196131513,1.372960245643501,11.215,0.9311991940561267,0.1524119158861245,0.09023185297566151,0.8553298780533958,0.0003102595385553307,基本完好
剪力墙,628.0,1,2,0.289,10.36,3.05,3.66,36.58,36.58,1.06376,0.12769,0.02377,0.120036,0.122227,2.99714,12.4,0.777537,0.394824,2.232395,2.008224,9.073359073359072e-05,基本完好
砌体,385.87,0,3,0.119,9.0,3.0,3.0,4.6,3.0,0.3340678015742788,0.03006062441435833,0.009395883101271358,0.08998360294736293,0.02201438080292522,1.279711112925332,14.075,0.4079254229164445,0.2170385475547847,0.07618879856344173,0.7312981984683837,0.00015683095499451088,基本完好
砌体,589.8,0,2,0.112,6.375,3.125,3.25,10.125,9.125,1.839353702890986,0.03649034227662973,0.0006732551809652872,0.01983867606283468,0.1255889206827605,1.69667178337765,3.65,1.636247639086831,0.08565693251432104,0.2408584479996531,5.890861639707688,0.0031910024092492366,严重破坏
砌体,311.86,0,3,0.119,9.0,3.0,3.0,4.6,3.0,0.7981035288699113,0.1014997779845417,0.03166283771793215,0.1271762049821557,0.1915670981353258,4.782634367617843,22.22,0.9548642532251277,0.8599608587500257,0.1729654476686658,1.864995151125554,0.000577975330328868,轻微破坏
框架,517.0,3,13,1.861,61.26,5.18,4.06,34.29,34.29,0.65077,0.06032,0.0089,0.09269,0.061483,2.458017,19.56,0.554743,0.223775,1.497919,0.2867,0.0003380042462845011,基本完好
框架,297.0,0,15,3.014,53.4,4.2,3.4,22.2,96.9,2.22369515277,0.6969348412916637,0.6230530248456743,0.3134129426074927,1.3291693242214409,10.64621996621161,15.102442269003422,2.11923522420188,1.5547320841273895,0.7032151469850318,2.821134655450154,0.02055554083743936,倒塌
框架,418.0,1,8,1.487,45.42,4.88,6.17,62.3,28.37,0.123066,0.007354,0.000707,0.059753,0.001793,0.358137,11.065,0.112348,0.029873,0.30856,0.033727,2.8424938474159157e-05,基本完好
框剪,386.88,0,10,2.097,40.2,5.4,3.9,23.4,23.4,0.463128264501,0.06339077108489019,0.08724477965578778,0.13687519407434767,0.05294274720059483,2.746119814274669,26.745880736961904,0.4421422301356732,0.1787152849572139,0.10546210577457986,0.21110070924679739,0.003694232344219767,中等破坏
剪力墙,289.04,0,16,1.91,49.5,6.0,2.9,30.6,30.6,0.3026500665632906,0.02560943435016073,0.004688328861791657,0.08461730949200123,0.02855827811989518,1.910446142764029,27.915,0.5381285717875668,0.2492038833904501,0.06974526564454565,0.3627684792420919,0.0011948620689655172,轻微破坏
框架,286.6,0,10,2.285,34.8,4.2,3.4,96.9,22.2,0.25776034219599997,0.009586436379159135,0.0010232122012420921,0.037191277360539995,0.0052384556238738575,0.5815336150527056,11.082788542798518,0.21670667234381183,0.02781900691441535,0.05153458286369508,0.019395515533141623,0.0006030617165604248,基本完好
框架,269.0,1,13,1.76,56.85,4.11,4.11,50.9,50.9,0.069271,0.004568,0.00043,0.065939,0.000665,0.241794,13.165,0.064105,0.016418,0.175878,0.010095,3.472222222222222e-06,基本完好
剪力墙,458.09,0,16,1.91,49.5,6.0,2.9,30.6,30.6,2.755613945203871,0.1380808096796428,0.02565495970342845,0.05010890945735397,0.4377157637897802,4.076313190075551,6.945,2.960987562747143,0.8370533099235241,0.3558726730859624,0.7334347666225258,0.004261965517241383,严重破坏
剪力墙,411.55,0,22,3.1,66.9,6.0,2.9,30.6,30.6,2.168347827384138,0.1222221594056247,0.01127334616126843,0.05636649151122203,0.4569205505142027,5.04224442125524,9.580000000000002,1.959385791916881,1.12062261840526,0.308465557441112,0.2692281226622282,0.0041664482758620724,严重破坏
框架,309.41,0,10,2.285,34.8,4.2,3.4,22.2,96.9,1.1997013512052,0.2967361058845046,0.09393306107243966,0.247341645140608,0.6272927697679282,9.274737673607222,23.43,1.317495076756536,1.705411515270504,0.2668148238559426,2.197139407608808,0.015385764705882354,严重破坏
框剪,303.47,0,10,2.097,40.2,5.4,3.9,23.4,23.4,2.438863961223774,0.1962591096138995,0.076270566640943,0.08047152802873865,0.5035972417615251,5.938842715901653,12.55,2.852986815634216,1.145863506337907,0.2804228443264744,1.539217658996346,0.008496307692307694,严重破坏
剪力墙,306.0,0,2,0.25,8.54,4.27,4.27,46.63,49.68,0.289197,0.010927,0.000773,0.037783,0.001778,0.245314,5.37,0.145684,0.029577,0.408806,0.536477,9.765807962529271e-05,基本完好
框剪,1530.0,1,4,0.583,20.73,4.27,4.11,83.76,44.09,0.047643,0.001457,5.6e-05,0.030585,6.1e-05,0.051964,8.11,0.019885,0.003791,0.063438,0.011399,2.60492040520984e-06,基本完好
剪力墙,305.25,0,22,3.1,66.9,6.0,2.9,30.6,30.6,0.23498998736149998,0.00832714162218954,0.0005996337464262006,0.035436155028083685,0.004379500523801052,0.5292661786404576,7.56349407690848,0.20210084092257496,0.019947695618579123,0.05703910596551638,0.004387756764980841,0.0006267025627818724,基本完好
剪力墙,267.35,0,22,3.1,66.9,6.0,2.9,30.6,30.6,0.5847179066479392,0.200544471135052,0.2200866461030116,0.3429764487370155,0.1469709500178324,4.799439625810585,27.97,0.5855074218592694,0.5393551434347721,0.1341939780536243,0.4647108157768609,0.008631724137931025,倒塌
框架,301.0,0,3,0.573,12.74,4.75,4.22,44.41,40.71,0.457105,0.017801,0.001839,0.038943,0.014673,1.286517,19.38,0.287271,0.06998,0.820488,0.337777,0.00012021052631578946,基本完好
剪力墙,267.0,1,18,1.332,79.55,3.96,4.11,76.5,36.58,0.103611,0.005799,0.000874,0.055967,0.001533,0.503609,30.3,0.083904,0.030883,0.232039,0.082792,5.0937499999999985e-05,基本完好
剪力墙,895.0,0,3,0.32,11.89,3.96,3.96,22.25,35.05,0.042313,0.001407,7.8e-05,0.033256,0.000104,0.062719,5.155,0.023887,0.003974,0.068638,0.040904,4.373423044575272e-06,基本完好
框架,338.0,1,4,0.847,21.43,4.26,4.1,36.48,63.84,0.055502,0.0019,0.00021,0.03424,0.000268,0.148095,15.515,0.04014,0.008704,0.109884,0.039486,7.5585789871504145e-06,基本完好
框架,458.09,0,15,3.014,53.4,4.2,3.4,96.9,22.2,2.085700187136764,0.06407412706614035,0.003658238988788233,0.0307206795402847,0.1083039546318611,1.219529013554493,1.995,1.784262707330512,0.3504006034864556,0.25441258148204,0.07006085140221444,0.00044005882352941177,基本完好
砌体,320.93,0,2,0.112,6.375,3.125,3.25,10.125,9.125,2.713057775085,0.25374117831016635,0.09952710825997409,0.09352590300153732,1.4433407346749467,10.080077962340514,12.219057855046831,3.03688509125272,1.0551231430364765,0.8146803246136863,7.401756617947778,0.007504291560401909,倒塌
砌体,223.6,0,2,0.112,6.375,3.125,3.25,10.125,9.125,0.533427627292,0.2159832945087457,0.20463998495922597,0.4048970909234811,0.2761504600308858,10.065629772304158,68.07465046015824,0.5588264503090338,0.5002396512770307,0.15097388451986063,0.9844540796393376,0.0009380261444813533,轻微破坏
砌体,360.45,0,3,0.119,9.0,3.0,3.0,4.6,3.0,1.124872061899868,0.04927582513049916,0.005218411691822578,0.04380571515597435,0.04393062393102153,1.031112407479392,5.84,0.9874264375663317,0.2492430906123704,0.1568631620216707,1.637175451214886,0.0008382535356557198,轻微破坏
框架,631.27,0,15,3.014,53.4,4.2,3.4,22.2,96.9,0.21337956308899997,0.06256384510442507,0.047827879321485564,0.2932044859344373,0.019223081588147253,1.8152702781242003,26.878275906410117,0.18734815502888835,0.19249955469989233,0.06339170820193614,0.14517578356901537,0.002531546169970142,轻微破坏
框剪,488.0,0,10,2.097,40.2,5.4,3.9,23.4,23.4,0.0613771941678,0.0014016737773256697,0.00011493489616243852,0.022837045523677955,0.0003350901921585422,0.16310401078471143,18.176391739490366,0.034649046913398575,0.003959008718383018,0.010177677264486791,0.0036216834824458386,0.0002206692708176334,基本完好
剪力墙,338.54,0,10,0.91,32.1,6.0,2.9,30.6,30.6,0.08742926681614406,0.01735153639439684,0.01823347970653757,0.198463707020277,0.001473810604569295,0.3846787458469747,22.025,0.06002709056941245,0.06325477450409511,0.01894912298084591,0.1743970647271352,0.00046213793103448274,基本完好
框架,594.47,0,15,3.014,53.4,4.2,3.4,22.2,96.9,0.976631299334604,0.1294753051161336,0.0467458963294272,0.1325733725760657,0.1540321728732876,3.434752151633969,10.225,0.7760501439802799,0.8136209529867394,0.1550877312131401,0.5064936166973392,0.003628588235294118,轻微破坏
框架,328.92,0,10,2.285,34.8,4.2,3.4,96.9,22.2,0.01524476104445,0.0012716487861883857,0.0001560424472078523,0.08341546203843854,5.4189204960417764e-05,0.0745673698153221,20.807973791757213,0.013185558587546673,0.0042576897876153,0.0038252792753450324,0.001670919803780848,0.0003344722422053545,基本完好
框架,315.0,0,3,0.798,19.81,4.72,4.72,30.48,83.82,0.043046,0.001502,0.000128,0.034898,9.9e-05,0.077361,9.875,0.030273,0.00531,0.085336,0.015301,5.502645502645502e-06,基本完好
框剪,486.0,0,10,2.097,40.2,5.4,3.9,23.4,23.4,1.417921524746832,0.08516739539511253,0.01252533899408424,0.06006495698717816,0.1145031598019405,1.639981099275235,2.99,1.272606236941471,0.6043596220335611,0.2066833992413221,0.5853045417265651,0.0014738692307692308,轻微破坏
砌体,349.43,0,3,0.119,9.0,3.0,3.0,4.6,3.0,0.417394856826279,0.1560292808037489,0.1576008845217047,0.373816970314727,0.1129760891790351,5.163784597365584,46.02,0.3499724844512705,0.5283337399486036,0.1003965898445049,0.4678639700638966,0.00033755751088994894,基本完好
框剪,208.91,0,10,2.097,40.2,5.4,3.9,23.4,23.4,2.294913426954825,0.1261994713855109,0.008611832926488873,0.05499095081463178,0.1125798912198401,1.630849183952414,6.4,1.518318383960169,0.450189824656641,0.1894711938971922,0.3225155640772653,8.900769230769233e-05,基本完好
砌体,384.44,0,3,0.119,9.0,3.0,3.0,4.6,3.0,1.821295941325,0.10579581778438892,0.012345101959531623,0.058088208173034214,0.28755330832963516,3.5964437411857446,6.349786057494493,1.883779073470595,0.3473674702273447,0.5044304463906917,3.732802083786498,0.002260205134345708,严重破坏
框架,229.0,1,4,1.513,46.48,6.63,11.38,102.11,167.79,0.12809,0.013405,0.005953,0.104653,0.003441,0.778792,30.04,0.058674,0.056846,0.163753,0.065312,0.00014752915047195998,基本完好
砌体,280.86,0,3,0.119,9.0,3.0,3.0,4.6,3.0,1.487819876432499,0.08170956219184318,0.009066297711514808,0.05491898816929825,0.2418272314267896,4.549137100445969,17.425,1.881273600130927,0.7105164514175407,0.1777793737224769,2.539223723648799,0.0011416581147383781,中等破坏
框架,295.66,0,15,3.014,53.4,4.2,3.4,22.2,96.9,0.3829146727595,0.07750112093357753,0.07897655744575853,0.20239788769404046,0.09064802535337349,4.699646225553806,45.37378640854265,0.22303064189725802,0.374027836154752,0.10594935492244083,0.4045763005526471,0.005720073629949089,中等破坏
框架,229.0,0,1,0.268,4.63,4.63,4.63,30.84,30.84,0.263349,0.055884,0.024666,0.212206,0.021847,2.187163,42.39,0.194573,0.198697,0.551465,0.731481,0.0012660831509846825,基本完好
框剪,269.14,0,10,2.097,40.2,5.4,3.9,23.4,23.4,1.0493341052949998,0.07033214148704758,0.00696399200169395,0.06702549848722879,0.07260301305429678,1.7373563800401066,7.349095058764678,0.9433370674186139,0.22076671256997568,0.23560366598410723,0.21709781789112279,0.001274880511938048,轻微破坏
砌体,452.15,0,3,0.119,9.0,3.0,3.0,4.6,3.0,0.23533724083799998,0.00819951711680883,0.0006552812550029185,0.03484156220924322,0.005932001507078231,0.6893875743805065,14.090515824338295,0.18253406876950404,0.02206556257025221,0.048636110257691684,0.5726237729740987,0.0001816465324917285,基本完好
剪力墙,462.1,0,16,1.91,49.5,6.0,2.9,30.6,30.6,1.70806737976,0.5144793819074029,0.4412900810907577,0.3012055543029528,0.6024108470870497,9.210829450700906,23.841807798053694,1.0788725259969008,1.0336835635478843,0.3767892072100679,1.2603006340522345,0.009702835188637186,倒塌
剪力墙,337.6,0,10,0.91,32.1,6.0,2.9,30.6,30.6,1.045756689154293,0.02738835522367572,0.003302555779551884,0.0261899880801382,0.06030348660305521,1.885454417846597,10.94,1.218685823376989,0.2761726946293253,0.09911697589705254,1.327678620541038,0.0007183448275862066,基本完好
框剪,393.96,0,10,2.097,40.2,5.4,3.9,23.4,23.4,0.3108075403894527,0.03229586567416891,0.009097753437492185,0.1039095307459435,0.01596009475552083,1.203448312838219,18.2616,0.3794513606682465,0.1237687683629954,0.05764334148657722,0.1316294311359719,0.0035786666666666666,中等破坏
砌体,280.86,0,3,0.119,9.0,3.0,3.0,4.6,3.0,0.3483660460194825,0.1257148939624667,0.08244856107135748,0.3608701117658178,0.09064600778988344,4.162553376228262,35.37,0.333736497060851,0.4144973581332511,0.100262118116556,0.3238073297363724,0.0002720588801380541,基本完好
框剪,454.12,0,10,2.097,40.2,5.4,3.9,23.4,23.4,1.514466879804332,0.07106797326402668,0.005013576530720325,0.04692606633511101,0.09053228220782372,1.256536065329892,2.845,1.754268771616977,0.360122504450607,0.1884537470403508,0.2250193427387003,0.0010548205128205128,基本完好
框架,329.0,1,4,0.752,18.29,4.57,4.63,60.45,60.45,0.03149,0.001205,7.1e-05,0.038267,9.4e-05,0.111388,34.15,0.02261,0.003802,0.064947,0.031492,8.643326039387307e-06,基本完好
框架,418.0,3,13,1.668,52.93,3.42,4.16,106.5,37.01,0.025713,0.000885,4.5e-05,0.034431,2.3e-05,0.036724,8.795,0.015471,0.002684,0.042344,0.000859,4.873294346978557e-07,基本完好
框剪,1004.58,0,10,2.097,40.2,5.4,3.9,23.4,23.4,0.09081855208475,0.02561564643077992,0.017949356314949955,0.282053014970729,0.00535533039563724,1.0580594417134581,35.86417598684443,0.07509564417922565,0.0901643939583084,0.02896572214328204,0.15004926316565412,0.001043281449912836,基本完好
框架,219.31,0,15,3.014,53.4,4.2,3.4,96.9,22.2,0.7637256865226044,0.03846168044407686,0.008135350884683468,0.05036059559447394,0.03636033474247336,2.120647630543268,24.965,0.7142182268135788,0.2936757739146459,0.05252932009865658,0.3515739483451415,0.0017617058823529406,基本完好
砌体,545.66,0,3,0.119,9.0,3.0,3.0,4.6,3.0,1.5031868479600001,0.06036344817764735,0.003191797191048938,0.04015698265293339,0.15614900429269254,1.5551787458010393,3.551819478311294,1.3842312607616134,0.10782774048882314,0.49701079461708975,3.2854460394560068,0.001854422556973427,中等破坏
框剪,341.56,0,10,2.097,40.2,5.4,3.9,23.4,23.4,0.22694000257599997,0.027130788355002385,0.030844622735902646,0.11955048932334682,0.014103018226352569,1.8148235661540129,44.17168642440644,0.2602292015350913,0.08192278563483624,0.042355098626669314,0.17675250062443712,0.002028212408077679,轻微破坏
剪力墙,223.03,0,10,0.91,32.1,6.0,2.9,30.6,30.6,0.6918431813818811,0.0382082816157758,0.00450005337744346,0.05522679509460358,0.02302850164250139,1.077738345466606,12.36,0.6056060943351906,0.25565555480983,0.08503349243067505,0.7906885357648309,0.0008616206896551722,基本完好
砌体,336.98,0,3,0.119,9.0,3.0,3.0,4.6,3.0,0.817935607363,0.2549268972321191,0.2077892788758761,0.31167110825997146,0.31546432063808133,8.981840269665394,43.609398254410344,0.5551061197493397,0.637100458145729,0.20160752148109573,1.1499077961863706,0.0008616252939975257,轻微破坏
剪力墙,280.86,0,22,3.1,66.9,6.0,2.9,30.6,30.6,0.3483660460194825,0.1257148939624667,0.08244856107135748,0.3608701117658178,0.09064600778988344,4.162553376228262,35.37,0.333736497060851,0.4144973581332511,0.100262118116556,0.3371210246597521,0.005391689655172414,严重破坏
剪力墙,184.75,0,10,0.91,32.1,6.0,2.9,30.6,30.6,0.04092904431635896,0.01331045801175675,0.0163725817334294,0.3252081311470223,0.0008116160342279776,0.3145607038504591,25.505,0.0317037966882434,0.03420717266751479,0.01311562832101751,0.04917952942877154,0.00036306896551724144,基本完好
砌体,518.0,0,3,0.119,9.0,3.0,3.0,4.6,3.0,0.100031164261,0.002448050640000987,0.00020863619507220204,0.024472879607934636,0.0007459174322433107,0.20113814937986996,8.048631526565377,0.04396855496470745,0.004601225893650605,0.022819493975810047,0.24938704474856713,0.0001168469135405423,基本完好
框架,338.27,0,15,3.014,53.4,4.2,3.4,22.2,96.9,1.70754421971307,0.1410107887071955,0.02607429300770304,0.08258104655754712,0.2166403779527367,3.210988491418162,7.865,1.7344577845857,0.6905138792166289,0.2236457442449321,0.4894233070488842,0.003177558823529412,轻微破坏
剪力墙,508.61,0,10,0.91,32.1,6.0,2.9,30.6,30.6,0.8438907698514999,0.2105898966636992,0.11047884686811948,0.24954639176911114,0.33581778518142247,7.272793146481234,23.492772785085968,0.7014605107628334,0.974408945693688,0.28340425167893046,2.8736193305647753,0.003756035100828425,中等破坏
框剪,411.55,0,10,2.097,40.2,5.4,3.9,23.4,23.4,0.2489026059722403,0.03744545854138697,0.03071339094108218,0.1504422117041362,0.02169271915659321,1.895897362939848,30.55,0.3256378876547095,0.2666388630592145,0.05140185123659655,0.2193210527034037,0.0011461794871794873,基本完好
框架,517.0,3,13,1.861,61.26,5.18,4.06,34.29,34.29,0.77053,0.06849,0.00795,0.088887,0.088283,2.855966,15.1,0.689595,0.250164,1.912738,0.370662,0.0002976645435244162,基本完好
框剪,338.99,0,10,2.097,40.2,5.4,3.9,23.4,23.4,0.20279436314549998,0.031115623604193676,0.020869572151446046,0.15343436139725924,0.01538930154413802,1.6396043824978332,31.14169729121087,0.19255963362659323,0.14510629651176168,0.05269385466605499,0.2179161793882142,0.002112276039776705,轻微破坏
框架,581.0,0,10,2.285,34.8,4.2,3.4,96.9,22.2,0.18454055903499997,0.0028555783928905995,0.00012901684524555817,0.015473987983037433,0.0021145702437910282,0.2751681373021733,3.6823778341511924,0.04718028245330887,0.0041212867002558985,0.056802642309038864,0.0032071707960838265,0.0004090918929190014,基本完好
框剪,895.36,0,10,2.097,40.2,5.4,3.9,23.4,23.4,0.8218400036427738,0.0869068540769455,0.03518429630166277,0.1057466826775702,0.04828192757603082,1.874969358561168,12.13,0.5971630514723643,0.3449916424470489,0.0868288457172911,0.2448386416971662,0.002276512820512821,轻微破坏
框剪,399.61,0,10,2.097,40.2,5.4,3.9,23.4,23.4,0.20264422333399998,0.09775271148786592,0.05293392169758365,0.4823858774732949,0.04370506691078496,3.5839827312293977,43.28833395155428,0.10546028367214595,0.24200453530637364,0.07531857817805383,0.4581626547204895,0.004751050466698837,中等破坏
砌体,680.37,0,3,0.119,9.0,3.0,3.0,4.6,3.0,1.203890137544681,0.04571440293973635,0.007278086324253329,0.03797223809223182,0.1430405002850343,2.923569492139064,9.754999999999999,1.51191328950424,0.297768561374067,0.1494518257652643,2.296322634024675,0.0008844916833715129,轻微破坏
框架,269.0,1,13,1.76,56.85,4.11,4.11,50.9,50.9,0.3855,0.08612,0.02213,0.223398,0.095117,4.701484,46.04,0.251301,0.451825,0.703138,0.708493,0.0026027777777777776,轻微破坏
剪力墙,384.47,0,10,0.91,32.1,6.0,2.9,30.6,30.6,0.5408673493277651,0.03132665496405385,0.00860448663150641,0.05791929389523923,0.04091774067167171,2.192496635071151,25.24,0.6056004635372352,0.3458607963831135,0.07993825920208532,1.29713464453576,0.0012347931034482763,轻微破坏
砌体,589.0,0,1,0.274,6.08,6.08,6.08,35.26,27.06,0.328428,0.01444,0.000837,0.043966,0.005002,0.464135,6.44,0.218551,0.040345,0.60313,0.761027,4.325657894736844e-05,基本完好
砌体,349.43,0,3,0.119,9.0,3.0,3.0,4.6,3.0,3.479009291144822,0.1654778310554784,0.01422040485167581,0.04756464188718086,1.103315860396855,8.735601909227835,10.92,2.48623039657777,1.078080008256696,0.4150445761999269,4.951404425142493,0.004398741687629285,严重破坏
剪力墙,411.0,0,1,0.168,5.03,5.03,5.03,84.12,102.11,0.26003,0.007228,0.000335,0.027797,0.001537,0.219726,3.555,0.110392,0.020692,0.321684,0.610223,1.6898608349900596e-05,基本完好
剪力墙,617.78,0,10,0.91,32.1,6.0,2.9,30.6,30.6,1.194163786081646,0.04072961451177735,0.002053695404774183,0.03410722631727221,0.04462723312714055,0.7863215443687712,1.385,1.218917755628344,0.1351312082262781,0.165138790822923,0.3191123010426757,0.00039779310344827584,基本完好
框剪,435.21,0,10,2.097,40.2,5.4,3.9,23.4,23.4,0.12402028955749998,0.03295282496508632,0.02748095459950781,0.26570511230590443,0.0020579049152527197,0.5833155878859468,20.06099311154732,0.07398807964666117,0.09796254612588152,0.024008116609745937,0.19945793465656203,0.001116709391433101,基本完好
框架,315.0,0,3,0.798,19.81,4.72,4.72,83.82,30.48,0.327247,0.018767,0.001887,0.057348,0.003607,0.373295,7.03,0.216745,0.054014,0.594583,0.251623,0.00011142857142857143,基本完好
剪力墙,337.0,0,5,0.354,13.58,3.05,2.64,16.62,111.26,2.438872,0.175211,0.047713,0.071841,0.564479,6.449257,10.09,2.286695,0.784273,6.298156,9.389392,0.0004514754098360667,基本完好
剪力墙,370.94,0,16,1.91,49.5,6.0,2.9,30.6,30.6,0.5743882298727682,0.02821371327849343,0.005635695828419935,0.04911958813073695,0.04375707870946663,1.885579549507698,18.45,0.8507634301814607,0.2805384636249472,0.08268593680656953,0.2565162858852319,0.0019398620689655148,轻微破坏
剪力墙,873.1,0,16,1.91,49.5,6.0,2.9,30.6,30.6,0.7739039281834333,0.07140807407971668,0.02790817233924292,0.09226994653888267,0.0557853454130384,2.192244746992126,14.165,0.6610181010784225,0.3683298964405115,0.09333809384805362,0.5145304479959804,0.002967413793103448,中等破坏
砌体,367.53,0,3,0.119,9.0,3.0,3.0,4.6,3.0,2.872864002706314,0.1759890056131643,0.02730665596385348,0.06125907994509242,0.8652074126568806,5.382463911631951,3.080000000000001,3.670494599731646,1.299650064130429,0.3935357553138971,3.98756022089728,0.005985872699251224,严重破坏
框剪,352.05,0,10,2.097,40.2,5.4,3.9,23.4,23.4,0.15786647103499998,0.008290055830639687,0.0020963522397504015,0.05251308765115633,0.0025086840516864587,0.5368675248599755,17.703240456606864,0.13430804975446864,0.027796609213104152,0.028217481846481964,0.01674306838665334,0.0003415308755268062,基本完好
框剪,1530.0,5,42,2.405,137.16,2.99,2.91,32.69,32.69,0.145307,0.00941,0.001224,0.064758,0.00062,0.129309,4.65,0.098416,0.033512,0.276858,0.010031,6.424522359857234e-06,基本完好
剪力墙,508.08,0,16,1.91,49.5,6.0,2.9,30.6,30.6,1.552656149010589,0.0773080838287249,0.01084656910397761,0.04979085928200429,0.1369502542673024,2.958145893260275,11.29,1.24276316617113,0.5880275602880133,0.1462356083292219,0.5791284367400296,0.0016255517241379315,轻微破坏
框剪,167.18,0,10,2.097,40.2,5.4,3.9,23.4,23.4,0.98192809652,0.29310767826631745,0.14515281224672996,0.29850218086752484,0.26996321671995743,7.316883808722659,28.514401285355213,0.8393335704619087,0.8419808109025391,0.23064382009817833,1.7448445287018577,0.008272957823820096,严重破坏
剪力墙,275.82,0,16,1.91,49.5,6.0,2.9,30.6,30.6,1.818562441946264,0.3317507378668819,0.0719463288040553,0.1824247164765128,0.3260316702634705,4.424408500138577,13.27,0.9391027721817099,1.286815171171824,0.2215034075712302,2.29187700505112,0.008617689655172421,倒塌
框剪,450.28,0,10,2.097,40.2,5.4,3.9,23.4,23.4,0.41304658554949997,0.025643615193324375,0.0020377648230302074,0.062084074994129726,0.01280953220950149,0.7234296325568252,6.567566285561429,0.36201043915948694,0.06073193868123699,0.10468538549719383,0.030495711594144197,0.0003557320541842861,基本完好
框架,167.0,5,47,4.219,182.4,3.65,3.65,37.09,54.72,0.072782,0.011478,0.002395,0.157699,0.002746,0.769579,45.87,0.052269,0.052068,0.148572,0.014173,3.560734279390704e-05,基本完好
剪力墙,386.88,0,22,3.1,66.9,6.0,2.9,30.6,30.6,0.07497120181775,0.005867832525988791,0.0005393386354075064,0.07826781995909711,0.0005386978030987376,0.2076748633709639,14.01846591816581,0.06793210663236159,0.012012823541929634,0.014694134513161934,0.0022228265008937577,0.0005631115213654172,基本完好
框剪,202.85,0,10,2.097,40.2,5.4,3.9,23.4,23.4,0.045134802618849994,0.003060423579636221,0.0008484170436690513,0.06780629142173479,0.0005328386347709139,0.26953246017161203,25.90186529431103,0.04502501324590291,0.017200660420794475,0.010751126879395303,0.019555339981349815,0.0003196776932026734,基本完好
框架,468.44,0,15,3.014,53.4,4.2,3.4,22.2,96.9,0.391711728142,0.04483184430067456,0.012773184109985456,0.11445111565416928,0.04129550167468906,1.8709143761817137,16.37116841916291,0.4283555882291575,0.24160282416773904,0.11905103874097582,0.13973031793872523,0.002239490934467579,轻微破坏
框剪,311.75,0,10,2.097,40.2,5.4,3.9,23.4,23.4,1.720398851357457,0.09116401754448981,0.009809343472245196,0.05299004790229783,0.1705572680279293,2.82040601313282,7.72,1.595793731619278,0.5924994750666436,0.2228674584943159,0.3664208473820735,0.0021920769230769233,轻微破坏
砌体,316.64,0,3,0.119,9.0,3.0,3.0,4.6,3.0,4.659566873809045,0.411833656302935,0.0779185216566573,0.088384536042998,2.12154756812567,12.02963908229389,13.69,2.971158526767273,2.482988272107424,0.7708122655411309,3.870956749149395,0.007605878494178727,倒塌
剪力墙,895.0,0,3,0.32,11.89,3.96,3.96,35.05,22.25,0.193292,0.006885,0.00056,0.035617,0.000882,0.14461,2.095,0.120748,0.023451,0.329889,0.330965,1.5138772077375948e-05,基本完好
框剪,367.54,0,10,2.097,40.2,5.4,3.9,23.4,23.4,1.022305340219947,0.0766704903913993,0.01065970850575183,0.07499764246062117,0.1360140533227079,3.244461936158313,10.42,0.8191147184707398,0.6194907420485175,0.1457263282740987,0.7235779245150816,0.0011552564102564103,基本完好
框架,256.0,0,6,1.045,28.37,4.88,4.63,120.74,48.11,0.07284,0.003447,0.000183,0.047324,0.000434,0.166095,6.915,0.070241,0.01091,0.187014,0.011728,7.179487179487187e-07,基本完好
框架,359.0,0,4,0.68,16.0,4.11,3.96,66.75,35.66,0.20816,0.017329,0.002065,0.08325,0.014149,1.486857,25.39,0.225294,0.066705,0.646017,0.325723,0.0001204379562043796,基本完好
框架,287.0,1,3,0.56,12.34,3.2,4.57,35.47,11.41,0.281828,0.010925,0.001165,0.038763,0.003392,0.388747,8.17,0.129264,0.040258,0.399971,0.256392,3.810082063305979e-05,基本完好
框架,478.63,0,15,3.014,53.4,4.2,3.4,96.9,22.2,4.058929842035578,0.1459622263505643,0.01059603640749559,0.03596076602234725,0.7184238071271587,4.291681651992393,4.09,4.647730498269226,0.8469831633984329,0.4718754666779574,0.2901786482957198,0.0048755588235294125,中等破坏
框架,282.0,0,15,3.014,53.4,4.2,3.4,22.2,96.9,0.5979527134728597,0.04310431820904059,0.009029494460354812,0.07208649988172859,0.04535406179015826,2.23040283092722,22.805,0.7029180327212101,0.3477854099879855,0.08416025109402771,0.1324975388152028,0.0028036176470588228,轻微破坏
砌体,545.66,0,3,0.119,9.0,3.0,3.0,4.6,3.0,6.091208326025361,0.287825851535498,0.06282465447871473,0.04725266911422652,3.048619857602223,12.08183503558888,7.6,6.208981949978074,2.256895717172016,0.891049075467577,6.172128810451521,0.013018172829191349,倒塌
框架,219.31,0,15,3.014,53.4,4.2,3.4,96.9,22.2,0.5313178459942887,0.06425821339956007,0.01034095869366989,0.120941191574903,0.05182396380473338,2.160082928374139,16.545,0.6852519974069825,0.3328161447344208,0.07471701286483874,0.5029813689857265,0.0019357058823529418,轻微破坏
砌体,333.41,0,3,0.119,9.0,3.0,3.0,4.6,3.0,0.4347177188128334,0.03193468530771224,0.01175207684929921,0.07346073998299948,0.05331682962355484,2.937086914392746,30.72,0.5381026750867977,0.2959663779102147,0.07448947683143027,0.8294083245322759,0.0003257394931308944,基本完好
框架,407.61,0,10,2.285,34.8,4.2,3.4,22.2,96.9,2.251890843522012,0.0820871642335965,0.004809940845385223,0.0364525502955597,0.1395495005815522,1.880255704925875,5.855,1.704260399250517,0.4133207811787846,0.2791391464141552,0.2260053680927825,0.0014087941176470593,基本完好
剪力墙,276.11,0,16,1.91,49.5,6.0,2.9,30.6,30.6,0.30636739518699996,0.11152552312905387,0.09761333535764152,0.3640254311689438,0.1048961333628931,6.934115602623339,74.6110979579758,0.1737310054587148,0.4003380035145623,0.08887910616128804,0.6695931667485452,0.005027096407228827,严重破坏
砌体,369.75,0,2,0.112,6.375,3.125,3.25,10.125,9.125,0.8484467433085,0.15146255559735602,0.08271025970096403,0.17851745768594857,0.38586387861168603,9.580619016425393,32.59958230977199,0.8402255750665331,0.6141231409163675,0.25788892919924505,0.9162968129859017,0.001175565708190958,中等破坏
框剪,585.12,0,10,2.097,40.2,5.4,3.9,23.4,23.4,0.4672456872913884,0.02691580923857977,0.0158999010085015,0.05760525986790812,0.01773144974172866,1.07306163693039,16.89,0.3897399817343015,0.09753497076416036,0.05266196208784804,0.08228365740956874,0.0009067435897435901,基本完好
剪力墙,389.95,0,22,3.1,66.9,6.0,2.9,30.6,30.6,0.4182626879458441,0.02965200604234489,0.02596193178286694,0.07089326133289751,0.06602776376417889,3.238494746921006,27.8,0.3638650203609715,0.1793026173360991,0.09081517734490821,0.2402406763290209,0.0030153793103448235,中等破坏
剪力墙,257.0,0,3,0.332,12.5,5.11,3.66,39.93,23.47,0.180265,0.008862,0.00081,0.049163,0.001146,0.257254,11.645,0.106271,0.029356,0.30028,0.270089,8.869179600886918e-06,基本完好
框架,359.0,0,4,0.68,16.0,4.11,3.96,66.75,35.66,0.16823,0.008978,0.000638,0.053369,0.002119,0.344427,9.93,0.135545,0.028385,0.374399,0.089522,2.238442822384427e-05,基本完好
框剪,379.32,0,10,2.097,40.2,5.4,3.9,23.4,23.4,0.6235291134580778,0.06368988476824201,0.03172494139466341,0.1021442036844429,0.09874225974470903,3.444054294741885,18.66,0.6370679364357584,0.5876903916888404,0.1013816414518405,0.6719569830149128,0.0035320256410256413,中等破坏
框架,274.0,1,5,1.408,42.22,5.94,7.25,109.88,85.34,0.190195,0.00838,0.000445,0.044059,0.001784,0.307325,10.215,0.133855,0.022832,0.368851,0.012703,9.498480243161103e-06,基本完好
剪力墙,452.15,0,16,1.91,49.5,6.0,2.9,30.6,30.6,0.11147974167049998,0.006886487737595672,0.0014941837161127497,0.061773445420693775,0.0028096791652643853,0.5604921759666992,21.332013846506577,0.13190636110290638,0.03944879471030541,0.027204082990261388,0.06275824315991604,0.0005532109319506038,基本完好
砌体,333.85,0,3,0.119,9.0,3.0,3.0,4.6,3.0,2.216371717912818,0.1658551911605771,0.02695529522516796,0.07483184784399108,0.786116980624405,7.277022620170864,11.475,3.109456171865756,1.480659225516269,0.3503825364902175,4.373096951688632,0.0024741868656257995,严重破坏
剪力墙,359.0,0,12,0.719,35.0,4.24,2.59,58.83,18.82,0.091515,0.002502,0.000222,0.027343,0.000374,0.182145,14.925,0.044834,0.008801,0.13034,0.042647,2.279898218829517e-05,基本完好
框架,250.0,1,8,1.019,27.43,3.05,4.29,43.18,28.68,0.076663,0.009086,0.004184,0.118515,0.00258,0.691902,35.64,0.079083,0.047418,0.221705,0.175303,6.804123711340207e-05,基本完好
剪力墙,271.0,0,11,0.872,45.26,4.11,4.11,60.5,25.76,0.090725,0.002497,0.000131,0.027519,0.000145,0.050985,1.765,0.034259,0.00621,0.100892,0.007829,2.384428223844281e-06,基本完好
剪力墙,680.37,0,16,1.91,49.5,6.0,2.9,30.6,30.6,2.589792107245,0.0954793561785875,0.009428673784760254,0.036867575552293134,0.3096359319936913,2.9144507847476255,3.651119614079267,1.5633817140091435,0.23641559629149717,0.6902943201819455,0.16051694207818565,0.002182602150438188,中等破坏
框架,359.0,0,10,2.285,34.8,4.2,3.4,96.9,22.2,1.67981544009564,0.1939921549058964,0.08292648528542779,0.1154842075358299,0.705581283829935,10.66518736438187,31.62,1.326982145407962,1.554109486463642,0.2968718688947884,2.576385432438262,0.010506647058823529,严重破坏
砌体,494.32,0,2,0.112,6.375,3.125,3.25,10.125,9.125,0.628863395363,0.058000146091371024,0.02580295071905975,0.09223011948070454,0.08579363850855311,3.384445547788767,20.491028632001406,0.6454987035766196,0.26600723562749307,0.15337949984236945,0.8567551277281025,0.0005965587909928882,轻微破坏
框架,421.44,0,15,3.014,53.4,4.2,3.4,96.9,22.2,0.2116837053069026,0.008568107135840062,0.001206513312995003,0.04047598809468058,0.003431096361129979,0.3780190888134949,9.115,0.2316319286479863,0.09181675972349726,0.04023732428512909,0.05992117564882574,0.0003025588235294118,基本完好
框架,527.54,0,15,3.014,53.4,4.2,3.4,22.2,96.9,0.43702639452849995,0.09351760878638549,0.07014265320375793,0.2139861801420026,0.13706223147380778,5.632979217970088,39.0421588609941,0.2843088372411315,0.5025752964798844,0.14044737966489249,0.38880679122202666,0.006245429982879505,中等破坏
框剪,371.07,0,10,2.097,40.2,5.4,3.9,23.4,23.4,0.4119796339887102,0.04899457564616627,0.01215245880533423,0.1189247516237876,0.0638861823791922,3.152541043915016,25.62,0.4812700595601981,0.4026464741844118,0.08388542456149542,0.2706465521227063,0.001496,轻微破坏
框剪,296.97,0,10,2.097,40.2,5.4,3.9,23.4,23.4,0.8289836811864999,0.05921930122060641,0.00974473204598045,0.0714360277102772,0.0985744614831026,3.0387329343292926,16.779979313632456,0.6508699675069001,0.2613018085454988,0.18168043039247003,0.18316146722032708,0.003968538757502358,中等破坏
框架,286.0,0,5,0.796,19.74,4.88,3.7,62.96,51.4,0.049127,0.001865,0.00013,0.037965,0.000162,0.117215,15.475,0.033036,0.006253,0.094864,0.023605,2.0491803278688577e-06,基本完好
框剪,274.15,0,10,2.097,40.2,5.4,3.9,23.4,23.4,0.7114294667511794,0.02524807918773561,0.002998935173547023,0.03548922327189192,0.02066912060868291,0.9824508712176225,10.2,0.7515910743066896,0.1674807791363588,0.05680748603242287,0.1233865888849889,0.0005466666666666668,基本完好
框架,278.0,4,23,2.589,95.1,3.58,4.32,87.99,58.8,0.142488,0.015832,0.002162,0.111111,0.002412,0.44358,15.39,0.106647,0.058429,0.297628,0.01683,2.498255408234475e-05,基本完好
框架,324.5,0,10,2.285,34.8,4.2,3.4,96.9,22.2,0.8256489116554319,0.06146440755615529,0.01604164662986605,0.07444375773828457,0.1146153296120446,3.529838777147241,15.31,0.7745526450248889,0.6371376538739831,0.1092154569066652,0.5198745239095021,0.0059915,中等破坏
剪力墙,257.0,0,1,0.257,8.89,8.89,8.89,71.55,27.76,0.107097,0.005735,0.001342,0.05355,0.001892,0.523173,26.63,0.088024,0.03206,0.239545,0.262072,9.10125142207051e-07,基本完好
剪力墙,811.0,0,10,0.91,32.1,6.0,2.9,30.6,30.6,2.257201533825,0.3827716940074762,0.24282465144008525,0.1695779877301609,0.8139663171899418,7.785088030102168,13.266162294097125,2.268010327150183,1.0596271507495227,0.5871542622249333,2.9136823724462393,0.005748468281943117,严重破坏
框剪,243.0,1,58,3.183,199.34,7.92,3.3,55.88,83.82,0.15854,0.011633,0.001618,0.073377,0.001599,0.277714,7.72,0.096948,0.047353,0.274156,0.008233,5.7797521627308854e-05,基本完好
框架,297.0,0,10,2.285,34.8,4.2,3.4,96.9,22.2,0.15726453885799999,0.03666232102071195,0.04138485127446132,0.23312516150774287,0.012641804789542082,1.6166828061901892,41.866781683787885,0.16538116914115986,0.09671354300326478,0.04118996330056749,0.1528059643490393,0.002274275489871292,轻微破坏
砌体,371.02,0,3,0.119,9.0,3.0,3.0,4.6,3.0,0.157060560538,0.011321009550074026,0.002664814752229148,0.07208053703166917,0.003659649915898132,0.5955960839599067,17.366679299080975,0.15964117933506342,0.04544233246749439,0.0344098700913958,0.2390397459899616,0.0001258187216047652,基本完好
框剪,452.86,0,10,2.097,40.2,5.4,3.9,23.4,23.4,1.099253565798283,0.1369330001296272,0.04459908742996153,0.1245690752253196,0.3392048795991006,6.009796082983986,18.32,1.47040374391341,1.000922468061722,0.1916762629669211,2.360572691478434,0.004229558974358972,中等破坏
剪力墙,273.0,0,10,0.629,29.26,4.57,2.97,63.93,19.35,0.28347,0.05149,0.01608,0.181642,0.030012,2.102236,28.96,0.221881,0.241474,0.64286,0.585888,0.0001602316602316602,基本完好
框架,339.06,0,15,3.014,53.4,4.2,3.4,22.2,96.9,1.362603616885,0.08892427478642309,0.03150701249924595,0.06526055977284849,0.35332690743433093,5.450226946178775,14.77585680298445,1.5582968713739735,0.2999892838640665,0.36655037933926726,0.16212645847157203,0.004157930240308399,中等破坏
砌体,714.27,0,2,0.112,6.375,3.125,3.25,10.125,9.125,2.9805370958299995,0.9168956630566102,1.0450054525396653,0.30762766359775146,2.0243816832479435,15.116739870875797,14.919093057658102,1.6293875020166642,2.5993517754185014,0.8731656494520181,3.092464049158466,0.0154332425853746,倒塌
框剪,488.0,0,10,2.097,40.2,5.4,3.9,23.4,23.4,0.06769203933555,0.00239014866851024,0.0001752309309751616,0.03530915439941547,0.00046149079411045193,0.1801130189992163,11.726175180874158,0.04727042106728175,0.005548355850866436,0.014870479960193172,0.002804700719044306,0.0002274788524310504,基本完好
剪力墙,359.0,0,12,0.719,35.0,4.24,2.59,58.83,18.82,0.043222,0.002486,0.000213,0.057517,0.000103,0.071408,7.545,0.035321,0.008933,0.099422,0.038416,6.972010178117051e-06,基本完好
剪力墙,450.28,0,10,0.91,32.1,6.0,2.9,30.6,30.6,0.1954949920447449,0.008192399876937614,0.0008471558821489379,0.04190593217376401,0.002955097718538609,0.3725507835392934,9.175,0.2298990173872865,0.07330191776716173,0.03394665803343894,0.1870500729064284,0.00035368965517241385,基本完好
框架,356.0,2,17,2.29,80.77,5.18,4.32,32.69,32.69,0.53904,0.07126,0.01182,0.132198,0.040791,2.062957,24.02,0.287819,0.278809,0.829549,0.155564,7.563959955506118e-05,基本完好
砌体,250.0,0,2,0.112,6.375,3.125,3.25,10.125,9.125,1.1362376956,0.17342955164914958,0.10281679331921878,0.15263492165481152,0.5026295937619027,9.854944355060134,37.914827555122976,0.8305342278137846,0.6474870541942982,0.27292363011819093,1.1904752068961189,0.001654345056379162,中等破坏
框架,347.7,0,10,2.285,34.8,4.2,3.4,96.9,22.2,1.332871505949275,0.1274147942962428,0.04880927260281427,0.09559420673900416,0.4724117278031631,6.305375017894951,15.46,2.066458607085697,1.183399904591844,0.2903774834472097,1.194091383521039,0.006108088235294118,中等破坏
框剪,573.04,0,10,2.097,40.2,5.4,3.9,23.4,23.4,0.39809271916399996,0.08349367688155598,0.10212643882995869,0.2097342474810738,0.056605209848195996,3.1240718465102777,29.17501940626754,0.4655208049244869,0.22201460540306972,0.1044105250181998,0.2322830619000851,0.004411567339171126,中等破坏
框架,414.83,0,10,2.285,34.8,4.2,3.4,96.9,22.2,0.1039590217855,0.005129138690053572,0.00027988275753518515,0.049338081505197216,0.0012930775540738561,0.27463627095870463,9.257956726365435,0.1093859076176143,0.010222942503368916,0.02801408017773272,0.003238898683424794,0.0003173637715634479,基本完好
剪力墙,198.77,0,10,0.91,32.1,6.0,2.9,30.6,30.6,0.4759180924761235,0.04102910673090613,0.004994049625649736,0.08621043700490234,0.04615232590695947,2.344389661663787,25.065,0.4481472834441307,0.4624715800127021,0.07087158875680316,0.6965096450055874,0.0018932068965517251,轻微破坏
剪力墙,324.5,0,22,3.1,66.9,6.0,2.9,30.6,30.6,0.8256489116554319,0.06146440755615529,0.01604164662986605,0.07444375773828457,0.1146153296120446,3.529838777147241,15.31,0.7745526450248889,0.6371376538739831,0.1092154569066652,0.4683026552449641,0.003982000000000004,中等破坏
框剪,509.1,0,10,2.097,40.2,5.4,3.9,23.4,23.4,0.7010470078850001,0.04150136734369646,0.005585918004466421,0.059199121994547264,0.10027940547576894,3.1072373419097508,15.368564155300241,0.699036131068653,0.15044214783012005,0.19147447263262662,0.13672167894771123,0.001969810928939099,轻微破坏
框剪,210.51,0,10,2.097,40.2,5.4,3.9,23.4,23.4,3.343337443596148,0.516762644388913,0.2800751895005231,0.1545649080019499,0.8702479749304088,6.468740013059594,6.85,2.134132996597813,1.479395830255183,0.3839366440524347,2.556315949379379,0.0016924948717948717,轻微破坏
砌体,478.07,0,2,0.112,6.375,3.125,3.25,10.125,9.125,1.341168241315,0.575327784613398,0.5902102632267432,0.42897510311554626,0.7336511453951573,10.68233934110622,23.399441601924615,1.1904152430858983,0.9433355094887295,0.41972390727609465,2.402613913739107,0.003183062186216625,严重破坏
砌体,445.66,0,3,0.119,9.0,3.0,3.0,4.6,3.0,0.1070684984582598,0.006519284768788935,0.0005729721899234071,0.06088891562563988,0.0005819878219725684,0.1288820605537691,5.294800000000002,0.03942192169319404,0.02346856022544578,0.01101233585036165,0.07465109914502041,5.5995411389490224e-05,基本完好
剪力墙,271.0,0,11,0.872,45.26,4.11,4.11,60.5,25.76,0.629391,0.016013,0.001093,0.025442,0.004704,0.269388,2.65,0.281115,0.049211,0.766783,0.057826,1.6058394160583961e-06,基本完好
剪力墙,258.0,1,8,0.651,30.63,2.43,3.07,15.5,15.2,0.042377,0.002222,0.000286,0.052442,0.000266,0.219647,43.395,0.028908,0.009218,0.08003,0.057351,1.127982646420824e-05,基本完好
框架,213.44,0,15,3.014,53.4,4.2,3.4,96.9,22.2,0.06551885846753956,0.004425763242769405,0.0005539297461007323,0.06754945593202132,0.0004519177175110448,0.1721970149882498,14.31,0.0620132255205118,0.03646570052066485,0.01187925962633683,0.03929252619504413,0.00023,基本完好
剪力墙,202.89,0,10,0.91,32.1,6.0,2.9,30.6,30.6,2.532473074591019,0.531346315897819,0.3915184954474044,0.2098132142959225,0.8851264873157599,7.982428330171169,11.815,2.733004750525346,1.417515779439892,0.382083483250123,4.156724223312649,0.005617620689655176,严重破坏
框剪,573.04,0,10,2.097,40.2,5.4,3.9,23.4,23.4,0.5551975076935,0.37803765529685796,0.5044166984560486,0.6809066144179377,0.1618064495822323,5.688103978818413,35.573639968589696,0.4146818079274576,0.5096297307342342,0.15986574488234753,1.0714994593852694,0.00967667911818464,严重破坏
砌体,632.35,0,3,0.119,9.0,3.0,3.0,4.6,3.0,0.213648265299,0.009692607552940255,0.0007615926261237595,0.04536712497700594,0.003700059279485567,0.48223271820364616,8.154315543500905,0.1770715774952255,0.021616094180273823,0.05049312367632213,0.43329379086622033,0.0001692127190759878,基本完好
框架,449.0,1,9,1.427,42.98,3.96,4.34,47.24,47.24,0.157066,0.00478,0.000206,0.030436,0.001122,0.250702,10.63,0.092946,0.014355,0.264593,0.007094,2.4269662921348306e-06,基本完好
剪力墙,337.0,0,5,0.354,13.58,3.05,2.64,111.26,16.62,0.047586,0.004787,0.00127,0.100602,0.000738,0.34144,26.11,0.032226,0.023954,0.091457,0.084192,6.557377049180345e-06,基本完好
剪力墙,257.0,0,1,0.257,8.89,8.89,8.89,71.55,27.76,0.018109,0.001543,0.000209,0.085197,0.000103,0.136891,38.525,0.014981,0.006852,0.041562,0.038481,1.0238907849829354e-06,基本完好
剪力墙,667.13,0,10,0.91,32.1,6.0,2.9,30.6,30.6,1.519790639074643,0.04711793588290655,0.008485565460046697,0.03100291229033711,0.2795201412840633,4.289467710276807,11.31,1.741826422060285,0.275420848306017,0.2422761632434603,0.5052689928489379,0.0008384827586206901,基本完好
剪力墙,337.0,0,5,0.354,13.58,3.05,2.64,111.26,16.62,0.127538,0.004676,0.000212,0.036663,0.000473,0.145272,7.76,0.076614,0.013381,0.209067,0.13171,3.9344262295081945e-06,基本完好
框架,236.0,1,9,1.358,40.23,4.88,4.47,75.4,42.1,0.100434,0.04172,0.041833,0.415397,0.007135,1.437234,60.38,0.059632,0.089042,0.169054,0.177239,0.000683811475409836,基本完好
框架,416.93,0,15,3.014,53.4,4.2,3.4,22.2,96.9,0.4426303566984446,0.01337136539426869,0.001279988807491347,0.03020887562706942,0.02064682194484315,1.181324863173981,11.29,0.6666705996047002,0.1624479998059812,0.06935100586533509,0.05409744209107265,0.0027087647058823532,轻微破坏
剪力墙,376.91,0,22,3.1,66.9,6.0,2.9,30.6,30.6,0.11866978131749999,0.004891822351174549,0.0007291902281747686,0.04122214010057472,0.0015754654760568533,0.37292997158420105,15.703519333834327,0.06461344009972086,0.019020955031946892,0.023742563191788385,0.0038124750575333193,0.0005570715362540264,基本完好
剪力墙,326.19,0,22,3.1,66.9,6.0,2.9,30.6,30.6,0.2581562252425019,0.02787274086121443,0.005032395351959867,0.1079685017668347,0.02102268277688172,1.710427837470242,25.12,0.2805729615364,0.3224292125472575,0.04677424938284302,0.1429837805127525,0.0011220689655172414,轻微破坏
框剪,160.58,0,10,2.097,40.2,5.4,3.9,23.4,23.4,0.8971074838762875,0.06329549126704206,0.02222192690592042,0.07055508108521209,0.1995280804405916,4.904494158049516,23.38,1.082932637273881,0.8916122556352855,0.1765228311126604,1.501928627959007,0.005635666666666667,严重破坏
剪力墙,264.0,0,6,0.398,15.88,2.74,2.62,53.15,17.89,0.107667,0.003496,0.000236,0.03247,0.000967,0.257894,11.385,0.079278,0.012193,0.222147,0.13326,2.6365348399246736e-06,基本完好
剪力墙,284.21,0,10,0.91,32.1,6.0,2.9,30.6,30.6,0.8386789465352222,0.1019312552978009,0.0297321905838097,0.1215378730071891,0.1144133456241449,3.457617875093476,17.49,0.8078413513884197,0.744534116500744,0.1091373682436109,2.161467124813749,0.002105000000000001,中等破坏
剪力墙,305.0,0,1,0.133,3.66,3.66,3.66,29.61,29.61,0.275699,0.012232,0.000653,0.044366,0.004995,0.573636,10.475,0.194264,0.037069,0.551443,0.680697,1.2841530054644824e-05,基本完好
剪力墙,537.16,0,16,1.91,49.5,6.0,2.9,30.6,30.6,0.8038903678877324,0.07053174304205885,0.01287209363571595,0.08773801237025021,0.06984176555845834,2.046701818136634,11.03,0.9661746406575568,0.4215088309604754,0.1408218970466603,0.5895218488732574,0.0037907586206896516,中等破坏
剪力墙,330.5,0,22,3.1,66.9,6.0,2.9,30.6,30.6,0.2798033666642553,0.1044677033386869,0.1490391664351341,0.3733611378023228,0.04386517526159196,2.723797228301551,35.22,0.2401446277967991,0.2589864320963837,0.07710008280823653,0.2696520605953209,0.0029608275862068995,中等破坏
砌体,469.64,0,2,0.112,6.375,3.125,3.25,10.125,9.125,1.083455363305,0.1279865466896965,0.05044463256456058,0.1181281214015897,0.4392207182431609,8.936565531641545,31.7572249498509,0.9914346415083053,0.8064397499623539,0.2787672752729746,1.384040015617733,0.001664083340395712,中等破坏
框剪,266.9,0,10,2.097,40.2,5.4,3.9,23.4,23.4,0.6272393111160572,0.1746009284525561,0.2805256511487531,0.2783641352801784,0.156526798882072,4.568147862229071,23.88,0.6513634067717693,0.5459186197209148,0.1453671687128909,0.6895473488898443,0.012531410256410254,倒塌
框架,274.98,0,10,2.285,34.8,4.2,3.4,22.2,96.9,0.5275762379161889,0.03476498605832085,0.01063574779309764,0.06589566314744379,0.0289771725698106,1.297261882100083,10.185,0.4697010026019484,0.2908252484457801,0.09353514792278476,0.2132438506824927,0.0033582941176470587,轻微破坏
框架,386.0,0,5,0.915,23.47,4.88,4.63,89.44,48.11,0.061067,0.002071,0.0001,0.03391,0.000169,0.076685,4.48,0.036238,0.006035,0.104007,0.008906,3.489183531053733e-05,基本完好
剪力墙,258.0,1,6,0.573,25.86,3.86,3.56,66.45,28.04,0.88838,0.10963,0.02291,0.123404,0.137751,4.134242,20.72,0.632764,0.523935,1.765362,1.905004,0.0010792602377807134,轻微破坏
框架,539.98,0,10,2.285,34.8,4.2,3.4,96.9,22.2,0.3303374955825,0.07511642429404904,0.052044094103943415,0.22739297021548413,0.06008172875174746,4.168251449973179,43.7559680004117,0.22673154550422975,0.3134455429896757,0.08783633696211807,0.35296237610891734,0.005862536258011535,中等破坏
砌体,346.0,0,3,0.119,9.0,3.0,3.0,4.6,3.0,0.1655181096975,0.019570351695797537,0.015139069462703087,0.1182369212140243,0.009166272144781558,1.3498965857428111,39.98894824460113,0.1329400402123636,0.08544954300966548,0.03588789922184821,0.18516808373298818,0.0001352782494204084,基本完好
砌体,533.97,0,2,0.112,6.375,3.125,3.25,10.125,9.125,0.4912752132645,0.07141207141084689,0.04499577200139897,0.14536062370482145,0.09090988341451842,4.150115261089417,31.1882487709154,0.38189833692136904,0.30261410354752094,0.12797693641220945,0.5955088717342544,0.0004653621985553941,轻微破坏
剪力墙,359.0,0,22,3.1,66.9,6.0,2.9,30.6,30.6,0.6539167383175,0.07440901377218985,0.05427729646408956,0.11378973715161518,0.11103449288092196,4.487346277603795,27.53398531975045,0.6394241344932883,0.30793444011587484,0.15052757750352264,0.20911123374579085,0.003809706133842247,中等破坏
剪力墙,273.0,0,10,0.629,29.26,4.57,2.97,63.93,19.35,0.072101,0.003166,0.000316,0.043914,0.000308,0.154831,17.505,0.060344,0.013641,0.165156,0.08427,1.5057915057915063e-05,基本完好
框架,375.22,0,10,2.285,34.8,4.2,3.4,96.9,22.2,1.437378447558389,0.148730677260384,0.02198131323883524,0.1034735685045412,0.2920892443630614,4.666847569781174,12.6,0.9302447259139096,1.509925526013037,0.2387581836896095,1.695325927085432,0.003123676470588235,轻微破坏
砌体,806.48,0,2,0.112,6.375,3.125,3.25,10.125,9.125,0.10589887522199999,0.034264197558273285,0.02247289767338997,0.3235558214045607,0.00775986784005953,1.1779938866461646,32.668026350953724,0.06421514404085375,0.1352506532347748,0.036533170839422355,0.11080272788735947,0.0001516033917016293,基本完好
砌体,329.06,0,3,0.119,9.0,3.0,3.0,4.6,3.0,0.4284545460562255,0.08515321606125817,0.07485274158181485,0.1987450403900806,0.08692014659641592,3.915833172911564,29.38,0.359417783825091,0.5435561010673035,0.09452047846708335,0.3907639906524225,0.0003328362921701303,基本完好
框剪,543.06,0,10,2.097,40.2,5.4,3.9,23.4,23.4,0.5769477747949999,0.11629983757694888,0.08318902964498318,0.20157775566128552,0.08634412666684768,3.7585606568978065,26.628680134546926,0.6058741122010505,0.2645545467293153,0.13497807623922886,0.3471334469989214,0.004834994976957157,中等破坏
框架,286.0,1,14,1.848,60.7,5.47,3.9,45.9,124.03,0.225421,0.005617,0.00027,0.024918,0.001145,0.147468,1.84,0.122034,0.017347,0.33686,0.003759,2.6921926413401127e-06,基本完好
框架,665.2,0,15,3.014,53.4,4.2,3.4,22.2,96.9,0.22086566549949996,0.027846605504589308,0.03849404811591657,0.12607937698968585,0.01949968409549606,2.093778385466834,41.287121004338886,0.21970457641052143,0.12939285791556196,0.05151434020478783,0.091703013284014,0.001985569337436287,轻微破坏
框架,522.0,0,2,0.401,7.92,3.96,3.96,48.77,30.48,0.168491,0.008846,0.001625,0.052504,0.002641,0.561004,21.41,0.10584,0.044182,0.294081,0.333839,3.9772727272727296e-05,基本完好
砌体,347.63,0,2,0.112,6.375,3.125,3.25,10.125,9.125,2.5494534331349996,0.2304672588377099,0.062351141925639966,0.09039869324238256,1.6885679171288697,15.914722559768153,27.206198125886843,2.3148403087458593,0.7022527903630458,0.5905368355023709,3.2652339165610607,0.005815400646716526,严重破坏
砌体,484.66,0,3,0.119,9.0,3.0,3.0,4.6,3.0,0.5430402036884999,0.021022263627565665,0.0015322661406421243,0.038712168058231855,0.010772243631871342,0.48845378599360606,2.6990303408223655,0.34926740372226217,0.03767580115791244,0.14975138724420944,1.6867441749989927,0.0004459652260366666,轻微破坏
框剪,420.0,0,10,2.097,40.2,5.4,3.9,23.4,23.4,0.20878210750249998,0.008887232759525866,0.0009607613794613407,0.04256702294002588,0.002319126546654874,0.37493708258199393,9.656069501189076,0.14189149267332296,0.020630141461162696,0.036735308054719126,0.011916348177627526,0.0002767832614731076,基本完好
砌体,340.65,0,3,0.119,9.0,3.0,3.0,4.6,3.0,0.14999565374499998,0.010570610385106538,0.0007240641784768909,0.0704727778517976,0.001820023098671312,0.3254064483929747,9.5154254615996,0.12638014583035592,0.022484062891161567,0.032782796521934734,0.2315067696629394,0.000107919140640609,基本完好
剪力墙,663.31,0,16,1.91,49.5,6.0,2.9,30.6,30.6,1.233153398330561,0.1305464658322493,0.05071776749701207,0.1058639306423537,0.22562927067894,4.015838885809305,12.96,1.828423385697973,0.6985308963328614,0.187702231023335,1.207002538539253,0.0029497241379310315,中等破坏
框架,311.0,0,3,0.636,14.63,4.88,4.88,65.84,39.01,0.340014,0.04417,0.007887,0.129905,0.028473,1.986177,26.075,0.180805,0.203948,0.528739,0.87008,2.2539682539682686e-05,基本完好
砌体,530.89,0,3,0.119,9.0,3.0,3.0,4.6,3.0,1.0272572135523,0.08093968810012016,0.008217050054219027,0.07879203672878307,0.05972258721243331,1.500759170572755,5.545,0.580656525062961,0.498096023586467,0.135232792916867,1.200878730769588,0.0006763834970509283,轻微破坏
剪力墙,337.0,0,5,0.354,13.58,3.05,2.64,111.26,16.62,0.368274,0.019529,0.003901,0.053029,0.016209,1.580881,30.25,0.281688,0.080744,0.782969,0.798254,3.6065573770490904e-06,基本完好
框架,551.56,0,15,3.014,53.4,4.2,3.4,22.2,96.9,0.60234601763,0.07410997457027857,0.01856001960902667,0.12303555166160612,0.10518145142430077,3.400007322359985,15.795924146959655,0.6081225186647663,0.37302851129286324,0.19342772056786905,0.11390600821017022,0.003404761002141565,轻微破坏
框剪,415.69,0,10,2.097,40.2,5.4,3.9,23.4,23.4,1.892929784908916,0.1094933834842048,0.007673805463799944,0.05784334123596316,0.2643392341801217,3.505419842259929,8.120000000000001,2.28074072757642,0.7116613978317277,0.2347189954953947,0.3626125131956052,0.0022666923076923077,轻微破坏
框架,456.83,0,10,2.285,34.8,4.2,3.4,22.2,96.9,0.4973877190784883,0.02235168633976651,0.00748393859515038,0.04493815484865115,0.01895712296826097,1.119718082303522,14.595,0.7096523040474878,0.1848592481760565,0.05440739554246304,0.1154838420673828,0.0009304117647058822,基本完好
框剪,328.57,0,10,2.097,40.2,5.4,3.9,23.4,23.4,4.01250068198,0.39767939363137234,0.04221152839600076,0.09911011240878702,1.0920168949264066,5.772953164633667,3.0361234426887176,3.5300816189989783,0.9796377205219705,1.4215973989784296,0.5928930600653837,0.00742338827666988,严重破坏
砌体,597.34,0,3,0.119,9.0,3.0,3.0,4.6,3.0,0.06029107826034999,0.001920504300873942,0.0001084745865457817,0.03185387218620949,0.0004520311277525497,0.17415566476186684,8.058752754855103,0.04575430680002488,0.0035819386060115628,0.01775300638454914,0.18007171649457843,0.0001110509009375247,基本完好
框架,385.69,0,15,3.014,53.4,4.2,3.4,96.9,22.2,0.1194912048605065,0.01601582376904189,0.01761365750663295,0.1340334946638013,0.00294161489417983,0.5257077561374401,20.435,0.1282492660696407,0.07262851872473518,0.02625549882456433,0.02883445252798518,0.0007158235294117644,基本完好
框剪,169.52,0,10,2.097,40.2,5.4,3.9,23.4,23.4,1.778234941175,0.2662056647777814,0.14209433767467217,0.1497021898590528,1.0942551816188475,15.888958902144124,34.73225626733436,1.7931954783469213,1.1272975822018618,0.4207406383441022,1.8588609976491512,0.01248034683560337,倒塌
剪力墙,481.07,0,10,0.91,32.1,6.0,2.9,30.6,30.6,1.403415636852885,0.04674841745997313,0.007725585823914115,0.03331045788032188,0.07198400429343432,1.572987104011884,4.545000000000001,1.562886550354483,0.2194919988933605,0.1120053742820026,0.3909954744782623,0.0005344827586206892,基本完好
剪力墙,337.0,0,5,0.354,13.58,3.05,2.64,111.26,16.62,0.133847,0.006609,0.000747,0.049378,0.000929,0.247109,15.08,0.092057,0.023343,0.256661,0.29698,7.540983606557347e-06,基本完好
剪力墙,323.0,0,4,0.326,12.19,3.05,3.05,18.96,34.37,0.076233,0.002265,0.000107,0.029716,0.000157,0.104387,12.695,0.042897,0.00726,0.11867,0.087041,2.016393442622951e-05,基本完好
砌体,537.16,0,2,0.112,6.375,3.125,3.25,10.125,9.125,1.896028014545122,0.05198298774813064,0.006230276538152039,0.02741678253134985,0.09101977912237753,2.230000793674605,8.72,1.150708342413899,0.5279564217200868,0.1376632510063238,1.892501939846964,0.0022870015749364104,严重破坏
砌体,811.0,0,2,0.112,6.375,3.125,3.25,10.125,9.125,2.257201533825,0.3827716940074762,0.24282465144008525,0.1695779877301609,0.8139663171899418,7.785088030102168,13.266162294097125,2.268010327150183,1.0596271507495227,0.5871542622249333,3.9540651653025565,0.005427107756343816,严重破坏
剪力墙,460.69,0,16,1.91,49.5,6.0,2.9,30.6,30.6,1.4317875713050001,0.46004035585223046,0.8193760939798973,0.3213048954133102,0.8738401372652954,11.669247587318297,23.89477494215529,1.370218336504566,0.9236415909493234,0.45330047718233374,1.1303858488641019,0.009919706474138187,倒塌
框架,212.72,0,15,3.014,53.4,4.2,3.4,22.2,96.9,1.7679742432799999,0.5656887646501961,0.37147663928570446,0.31996436984325805,2.1410497135120306,20.885973011478228,34.57053240894961,1.1091021266419077,2.3633563424121,0.5899048892203088,2.9718870102878028,0.01971415917095119,严重破坏
砌体,270.54,0,3,0.119,9.0,3.0,3.0,4.6,3.0,0.6996737151498644,0.03446048988751334,0.003073971810267638,0.04925222877656935,0.06541580282259145,2.341209174491066,16.59,1.01680494657584,0.409213630683793,0.1173034552050439,1.463672432105142,0.0003994351716340128,基本完好
框剪,375.22,0,10,2.097,40.2,5.4,3.9,23.4,23.4,0.5147959262091821,0.02132554097932485,0.001607005404792067,0.04142523258946581,0.03042870060450862,1.606125272018668,13.995,0.6731568308062503,0.2080418037383395,0.0689308159352165,0.3415284178320638,0.00044681813333333334,基本完好
框架,285.93,0,15,3.014,53.4,4.2,3.4,22.2,96.9,4.11273445163,1.1813746783744385,0.4251783896564218,0.28724798361494613,1.5435378522185066,7.70711825894555,6.256409918507863,2.483000048151327,3.3240510048449465,1.1773828300658133,3.690039758802955,0.02414747172244261,倒塌
框架,450.28,0,10,2.285,34.8,4.2,3.4,96.9,22.2,1.35701872971,0.07508540339738355,0.007783032058215181,0.05533114742891543,0.1361650428754888,2.5671104368399416,8.121971082822215,1.2293536867046904,0.2547446597373322,0.3069189813378098,0.08413439186510763,0.003423407874386641,轻微破坏
框剪,342.5,0,10,2.097,40.2,5.4,3.9,23.4,23.4,0.07499869966435,0.002788951201325614,0.00020856308075031555,0.037186660752883946,0.0005940073013923288,0.18226732880655702,8.444065845712897,0.04877075510629546,0.006959240808600894,0.019881160895522207,0.003298311217726301,0.0002173823841429143,基本完好
剪力墙,351.0,0,2,0.24,8.08,4.04,4.04,37.49,71.63,0.472425,0.03912,0.006244,0.082806,0.033719,1.764383,21.625,0.405889,0.166785,1.164271,0.940634,8.49009900990098e-05,基本完好
砌体,614.05,0,2,0.112,6.375,3.125,3.25,10.125,9.125,0.8357167309435,0.15288660895414677,0.0687026672836688,0.18294070621458328,0.21715693063067162,5.5214386325827745,20.152587935966345,0.6095593747875692,0.6294735275961176,0.24606117233814537,1.0231410013363564,0.0009156724888756731,轻微破坏
框架,418.98,0,10,2.285,34.8,4.2,3.4,96.9,22.2,0.171679725959,0.007505456429633286,0.0010545894954422511,0.04371777964874964,0.0030855936822373714,0.4966290219373799,12.06656552000683,0.16862663852872567,0.02930725778819774,0.03790523422709388,0.018581230949379756,0.0004731792476346814,基本完好
框剪,480.22,0,10,2.097,40.2,5.4,3.9,23.4,23.4,0.3353865474015,0.048686386070596506,0.05567169397181218,0.14516499378942818,0.023890661952655257,1.862988848643107,26.09913390639968,0.27022395521566966,0.19095221908303373,0.07171709635755091,0.331131052066968,0.003198458306205341,中等破坏
剪力墙,425.34,0,22,3.1,66.9,6.0,2.9,30.6,30.6,0.44358645497949994,0.03839691896765738,0.014424453697379843,0.08656017003366766,0.04600249521157066,2.9417823199806206,37.618787485081846,0.4051528129280251,0.15702150250990576,0.08289149103023934,0.10945163126316759,0.002742934469374479,中等破坏
剪力墙,240.09,0,16,1.91,49.5,6.0,2.9,30.6,30.6,2.94280699062,0.1924955413225824,0.03073758006720101,0.0654122210311954,0.6238506245911344,6.5380640826688765,13.456192181930096,2.274865400598584,0.693675032678946,0.5103884884715354,1.0708894552485513,0.004839746893418219,严重破坏
剪力墙,305.0,0,1,0.133,3.66,3.66,3.66,29.61,29.61,0.146911,0.017628,0.014459,0.119989,0.009348,1.542354,50.7,0.148645,0.062296,0.418848,0.28757,1.1202185792349554e-05,基本完好
砌体,551.56,0,3,0.119,9.0,3.0,3.0,4.6,3.0,0.1599795099105,0.0060703949935372705,0.0005404365166720443,0.037944828040374246,0.00091791196773978,0.17957326241678917,7.639508663842831,0.12105277225629321,0.015324369296150575,0.0259830097464478,0.23815600759197234,0.0001128191807462488,基本完好
框架,377.51,0,15,3.014,53.4,4.2,3.4,96.9,22.2,1.468583596593584,0.2077316997783231,0.05881443430081049,0.1414503745378622,0.2109332418792303,3.22644299915517,10.37,0.8011845231590398,0.702296274185557,0.2505788224693878,1.238374900148641,0.00888914705882353,中等破坏
砌体,223.04,0,2,0.112,6.375,3.125,3.25,10.125,9.125,0.885393199117,0.28135163132719054,0.22659630273236148,0.31777026479058307,0.5044854204023606,12.80241319452516,51.759057716428615,0.6205328839945822,0.9127485162102132,0.23401989662624806,1.07078407110528,0.001514077299603179,中等破坏
框架,320.0,0,2,0.487,10.24,5.12,5.12,45.64,38.24,0.046921,0.00485,0.00088,0.103373,0.0008,0.385665,32.09,0.03469,0.022703,0.098883,0.131809,5.464480874316934e-06,基本完好
框剪,285.28,0,10,2.097,40.2,5.4,3.9,23.4,23.4,2.471329975076189,0.2510143880644392,0.03077110450070025,0.101570567506551,0.7398282108495999,6.719836741313381,11.15,2.612425657747414,1.546990092165017,0.3925109493481482,1.129508244711708,0.00615874358974359,严重破坏
剪力墙,529.54,0,10,0.91,32.1,6.0,2.9,30.6,30.6,0.9213795838905,0.10262611722435662,0.2123291174841345,0.11138310314085825,0.19060596856030543,4.771762318262759,15.441639228526249,1.0304573978729186,0.3185431058222029,0.26335599020888223,1.5501600043348776,0.002007380774548101,中等破坏
砌体,567.64,0,2,0.112,6.375,3.125,3.25,10.125,9.125,1.193130975575,0.14321913740809525,0.11737519524169512,0.12003639193012682,0.34111196246389464,6.664208731097878,21.211200483002703,1.2457965973896306,0.36720238876119393,0.3005989813596405,1.3702765230617104,0.00153621112379591,中等破坏
砌体,297.71,0,3,0.119,9.0,3.0,3.0,4.6,3.0,0.9026822090865075,0.0481396676592104,0.006700318777418132,0.05332958506840028,0.1087861121363385,2.854357269119163,13.01,1.180457677464857,0.5172803232338283,0.1303342157985824,1.322513787919941,0.0006972442043397259,轻微破坏
框架,382.0,0,15,3.014,53.4,4.2,3.4,96.9,22.2,0.6843615012526008,0.0359325457201413,0.007555858787185249,0.05250521201787832,0.07200689852308545,2.27544627938106,13.9272,0.88888968854017,0.3142727601444293,0.1219082080923211,0.08887436127544253,0.003091823529411765,轻微破坏
框架,268.0,1,6,0.98,26.06,4.27,4.27,44.58,44.58,0.105753,0.00433,0.000429,0.040943,0.0011,0.404202,29.47,0.064596,0.013856,0.188662,0.030124,1.9908466819221974e-05,基本完好
框剪,495.59,0,10,2.097,40.2,5.4,3.9,23.4,23.4,0.3531952276685,0.06052245086252811,0.052033539537141044,0.17135693271408792,0.024741940147685708,1.6433650820655306,19.301339436190144,0.3039928091894298,0.14861013106734638,0.08486816377637109,0.21658968328639128,0.00247803855320949,轻微破坏
砌体,384.26,0,2,0.112,6.375,3.125,3.25,10.125,9.125,1.79211365946916,0.1510377308701313,0.03323612082508418,0.08427910254022059,0.3656853425201115,5.294024213394858,11.55,1.955750873471447,1.154471314650224,0.1874584725347746,1.734034808830862,0.002567986362366667,严重破坏
剪力墙,382.12,0,10,0.91,32.1,6.0,2.9,30.6,30.6,1.589287494669849,0.1730809386509095,0.03569302492700734,0.1089047382751001,0.2066336761645227,3.073373999851968,7.140000000000001,1.373054011122747,0.9320990826032421,0.1796160414923867,1.822010716879171,0.005827689655172414,严重破坏
框剪,510.62,0,10,2.097,40.2,5.4,3.9,23.4,23.4,0.748532964648,0.15093138987476143,0.07444126455254635,0.2016362632014976,0.16313914179076092,5.275583949241119,28.548580849944514,0.6663742851431691,0.6418821508378185,0.179187816954552,1.4636925447209896,0.008444331246797374,严重破坏
剪力墙,411.55,0,16,1.91,49.5,6.0,2.9,30.6,30.6,1.337963406018933,0.1039432096451704,0.01127221402940706,0.07768763269426779,0.1309093967552388,2.324246453274565,5.93,1.286009069777702,0.6655569143727881,0.169563885494076,0.8992043925203853,0.001626517241379308,轻微破坏
剪力墙,322.53,0,22,3.1,66.9,6.0,2.9,30.6,30.6,0.472994538933,0.08352420254128448,0.09349293282405559,0.1765859765097959,0.07062543926302482,2.965208008573575,24.365501907189326,0.3994012177644459,0.314480379039309,0.12761876985353518,0.30246524270282865,0.003753590993369169,中等破坏
框剪,303.36,0,10,2.097,40.2,5.4,3.9,23.4,23.4,1.37300758495729,0.2522696735152894,0.09133066636818037,0.1837350909631986,0.6026268771345931,9.073290364682498,24.27,1.000483539735024,1.662332096922522,0.2750993657602167,1.964664247701326,0.013961923076923075,倒塌
砌体,205.78,0,3,0.119,9.0,3.0,3.0,4.6,3.0,2.540099997606998,0.1496430183396279,0.0328745005567381,0.05891225482485141,0.5483266772881429,5.688319083590383,12.42,2.527626507180493,0.912940513712829,0.3935500433218027,2.933463270648752,0.002773117916693474,严重破坏
框架,449.0,1,9,1.427,42.98,3.96,4.34,47.24,47.24,0.43345,0.07174,0.05343,0.165509,0.073552,4.850742,63.2,0.289481,0.315627,0.826955,0.629704,0.0002800000000000003,基本完好
框架,435.22,0,15,3.014,53.4,4.2,3.4,22.2,96.9,0.6106389131359999,0.1609447574601039,0.0872450173056951,0.26356780414395026,0.057419553249122034,3.1652258265161346,25.39752544410584,0.382460540182843,0.45773105735372355,0.11270828890305902,0.6674385727940483,0.006022102561292296,中等破坏
框架,517.06,0,15,3.014,53.4,4.2,3.4,96.9,22.2,0.5616320690383846,0.03992906443540713,0.006638998302304459,0.07109470173911701,0.01440266237434579,0.7139557394363124,7.015000000000001,0.3691653639605135,0.2019005344553786,0.06394903377356294,0.2150909508408001,0.000931088235294118,基本完好
框剪,515.4,0,10,2.097,40.2,5.4,3.9,23.4,23.4,0.0763116433863,0.002677384878981076,0.0008434224449193475,0.03508488036914349,0.0008812762082664786,0.362575649544514,24.134319547088005,0.053849707147196765,0.010101702064253088,0.014323862635085992,0.010373527260701646,0.0003255397653788904,基本完好
剪力墙,309.41,0,10,0.91,32.1,6.0,2.9,30.6,30.6,0.8958053379738958,0.04712983876727333,0.01029048093130534,0.05261169672628889,0.07122900830129153,2.423988630898679,17.45,0.8164925343862229,0.4775515151294076,0.1086833146899265,1.414980914913289,0.0012203103448275858,轻微破坏
框架,322.42,0,15,3.014,53.4,4.2,3.4,96.9,22.2,0.1682397010059885,0.05238464616043272,0.1325500449756954,0.311369111138447,0.01496236609857863,1.803717356036898,49.36000000000001,0.1591991690062749,0.1925534011308665,0.03886285211901645,0.1965678065768547,0.003338705882352941,轻微破坏
框架,325.0,1,3,0.752,18.29,4.57,4.57,78.03,29.26,0.093406,0.003219,0.000124,0.034463,0.000351,0.159723,10.435,0.067122,0.01031,0.181634,0.019858,5.032822757111598e-06,基本完好
砌体,329.06,0,3,0.119,9.0,3.0,3.0,4.6,3.0,1.691488354902048,0.1010021316414858,0.03622894996161999,0.05971198758109967,0.5176897785976238,6.065300312355415,11.53,1.985075418694044,1.251433501460774,0.3283380146037164,1.974921502807688,0.001590829608219949,中等破坏
框剪,326.19,0,10,2.097,40.2,5.4,3.9,23.4,23.4,0.0812166159035,0.004956434644340992,0.0006929776723549153,0.06102734753477208,0.0010414724997140378,0.3031367010315661,17.094950455348254,0.08764240034489822,0.022153960592170945,0.018501699976735755,0.01438317505715566,0.0002454533636173359,基本完好
剪力墙,246.07,0,10,0.91,32.1,6.0,2.9,30.6,30.6,2.571344988987263,0.3492267117968312,0.0825662070852735,0.1358148024837289,1.507777390278439,10.42621586112023,9.330000000000002,1.659902992847578,2.623254181373404,0.3806448077250312,7.178609080408234,0.007502448275862059,严重破坏
剪力墙,318.0,1,6,0.589,26.82,5.18,4.16,63.17,23.13,0.064587,0.00424,0.00031,0.065642,0.000586,0.236687,19.69,0.059617,0.01486,0.165646,0.108996,4.8602673147023145e-06,基本完好
剪力墙,323.0,0,4,0.326,12.19,3.05,3.05,18.96,34.37,0.03703,0.001745,0.000243,0.047116,0.000244,0.173453,24.38,0.026716,0.006869,0.074052,0.059172,1.1475409836065587e-06,基本完好
砌体,505.23,0,2,0.112,6.375,3.125,3.25,10.125,9.125,3.503413933474073,0.2285034530902256,0.04588826939132478,0.06522308166527037,0.7864816516668856,5.574868547286862,4.24,3.105777725817995,1.412112923394525,0.3674156756346231,3.783404416970745,0.006223639175472463,严重破坏
框架,365.0,0,6,0.915,23.77,4.72,3.81,60.96,27.43,1.34211,0.14602,0.03497,0.108799,0.321355,5.776747,15.64,0.867357,0.794276,2.499203,2.355348,0.0013653250773993809,基本完好
框架,284.0,0,7,0.8,19.88,4.11,2.57,48.77,6.35,0.04273,0.005653,0.001326,0.132294,0.000788,0.38675,39.33,0.030492,0.02917,0.088711,0.083612,1.0223266745005882e-05,基本完好
砌体,300.97,0,3,0.119,9.0,3.0,3.0,4.6,3.0,0.06939604283954999,0.017742971376811453,0.019619365511969532,0.25567699037011127,0.002922099037705812,1.0975384539770696,72.49533769028025,0.06511089274292098,0.0636192451971995,0.015049223117334108,0.08188500148195454,0.0001088100092658598,基本完好
框架,229.0,0,1,0.233,3.83,3.83,3.83,33.38,24.67,0.077659,0.005763,0.000852,0.074208,0.001863,0.635744,40.58,0.071746,0.024146,0.19912,0.257948,2.0887728459529966e-06,基本完好
框剪,198.77,0,10,2.097,40.2,5.4,3.9,23.4,23.4,0.6986501595296155,0.07652475885138676,0.01988038184534926,0.1095322999752967,0.1240888441901057,3.433668228854384,21.365,0.7866707368047221,0.6056863025460475,0.1652911271924318,0.8546319418548982,0.003171769230769228,中等破坏
剪力墙,210.01,0,10,0.91,32.1,6.0,2.9,30.6,30.6,0.5402580570834999,0.20847007145469892,0.17189454027148932,0.3858712863628403,0.20957264131946635,7.017970023040043,47.64293775948874,0.4815616449296153,0.3477479403928434,0.15721344372880797,0.7755412801137286,0.002619699868871074,中等破坏
剪力墙,281.86,0,16,1.91,49.5,6.0,2.9,30.6,30.6,3.964800155715,0.7112961703156708,0.49679626574772817,0.1794027800595155,2.7025134195744496,13.676563260826926,11.062616070168387,4.319417475007466,1.7824352417743072,1.171592717196344,2.2361512512236685,0.01762624887970266,倒塌
剪力墙,579.23,0,16,1.91,49.5,6.0,2.9,30.6,30.6,0.12099219217049999,0.005232358926880662,0.0009667719946258483,0.043245426279303355,0.002106925936280654,0.4942705709077725,21.943230174349786,0.12022360711292465,0.012223415498188218,0.023227154531114885,0.0061711735640283165,0.0005441332777029903,基本完好
砌体,202.14,0,2,0.112,6.375,3.125,3.25,10.125,9.125,0.280681817507,0.08844448280116296,0.07634324068778277,0.315105850413546,0.04780013267742202,3.4825815958489423,48.780514331430254,0.16674148883336404,0.29567076475118376,0.07420155685133774,0.2856498526079134,0.0002658716426111822,基本完好
砌体,308.39,0,3,0.119,9.0,3.0,3.0,4.6,3.0,0.1943943781057069,0.02918800941938839,0.00777082461812295,0.1501484235491454,0.01466779236631392,0.9388189820749188,11.42,0.1640838980800502,0.3015611543984223,0.07788771198065511,0.1954198630900991,0.00010944170602886327,基本完好
框架,314.0,4,54,5.055,232.11,3.51,3.96,41.45,64.62,0.538593,0.048572,0.009514,0.090182,0.027268,1.491052,14.04,0.450081,0.189973,1.262329,0.018878,1.404905335628229e-05,基本完好
砌体,390.08,0,3,0.119,9.0,3.0,3.0,4.6,3.0,0.504508012575,0.03332393246444843,0.0030385980798339532,0.06605233541160956,0.008307038705123799,0.41535573443388485,2.6027363711009066,0.4065342156648359,0.06688126139564354,0.13391514024543724,1.4368792538090047,0.0004349028394090244,轻微破坏
砌体,300.77,0,2,0.112,6.375,3.125,3.25,10.125,9.125,0.6175046468675,0.12746423353919376,0.08455773740282366,0.2064182580419418,0.12454478592840691,4.930180277440131,29.140195092269423,0.4911757049228091,0.6035790216001222,0.15496663464787158,0.8428456100292281,0.0006677975407225016,轻微破坏
剪力墙,212.72,0,16,1.91,49.5,6.0,2.9,30.6,30.6,1.7679742432799999,0.5656887646501961,0.37147663928570446,0.31996436984325805,2.1410497135120306,20.885973011478228,34.57053240894961,1.1091021266419077,2.3633563424121,0.5899048892203088,4.776952554078827,0.01277171541882068,倒塌
框架,444.0,0,4,0.714,17.07,4.14,4.27,75.74,18.44,0.174877,0.013683,0.001779,0.078244,0.00492,0.647981,12.83,0.161367,0.060613,0.472585,0.341663,3.290398126463698e-05,基本完好
框剪,279.46,0,10,2.097,40.2,5.4,3.9,23.4,23.4,0.8950900295945695,0.1003823308537342,0.01486414529335574,0.1121477477513656,0.1321155157566033,3.072931822448506,12.205,1.283688371413332,0.5227691161066167,0.1652085061147061,0.5241822530213521,0.0019595897435897435,轻微破坏
砌体,241.41,0,3,0.119,9.0,3.0,3.0,4.6,3.0,0.6215437199459539,0.1688985953506165,0.188683198855285,0.2717404905407185,0.1084972898059917,3.963146184980607,25.445,0.4340591028843829,0.5405799284288716,0.1188995779703672,0.534130333335529,0.0004337113617934384,轻微破坏
砌体,295.48,0,2,0.112,6.375,3.125,3.25,10.125,9.125,0.5634885399359999,0.10944991861460161,0.0649415863272903,0.19423628141050173,0.08082067956284311,3.206931628032906,19.60370431092582,0.34271609262606395,0.41249988345944344,0.15219971221212125,0.621482571977513,0.0004806573613685545,轻微破坏
砌体,363.56,0,2,0.112,6.375,3.125,3.25,10.125,9.125,0.8434907565979999,0.20639474210668884,0.2185812766906554,0.24469117235988244,0.19172696243870122,5.76552385018597,29.568035218288976,0.6634507624245933,0.6476853780941755,0.19087630374536277,0.9636769901396401,0.0008722228991928823,轻微破坏
框架,380.0,0,3,0.722,17.33,5.78,5.78,85.12,27.06,0.072684,0.005083,0.000437,0.069934,0.001182,0.397485,25.965,0.072525,0.018466,0.201982,0.068928,7.305699481865284e-05,基本完好
框剪,549.75,0,10,2.097,40.2,5.4,3.9,23.4,23.4,2.84183947508552,0.2154903227068241,0.02654795449619684,0.07582776036297381,0.8057084241501746,5.571940690864686,5.220000000000001,3.965106388911901,1.248010663266064,0.354721750120238,1.487385627588033,0.003807769230769231,中等破坏
框剪,273.0,1,10,1.023,43.89,5.18,3.66,42.98,57.91,0.139136,0.005265,0.000582,0.037839,0.00123,0.294517,14.47,0.105916,0.022107,0.281173,0.074656,1.987636709462672e-05,基本完好
框剪,226.01,0,10,2.097,40.2,5.4,3.9,23.4,23.4,0.7617104544525,0.4093659260861348,0.3033106536631946,0.5374298379301853,0.5985972303448044,11.926922154321794,43.40192046409499,0.6292302875126569,0.8319708998030456,0.27837775758626354,1.4338541713963349,0.01054709395310382,倒塌
剪力墙,411.91,0,16,1.91,49.5,6.0,2.9,30.6,30.6,0.2421025544735,0.05176565720000817,0.053575632791670866,0.2138170632382746,0.016143941455237277,1.4908498983544156,23.240738908840903,0.1977454216559082,0.07822867607482974,0.06247431098540151,0.12136798179265798,0.002018152760421765,中等破坏
框架,267.0,1,4,0.835,21.03,3.96,4.27,36.42,118.11,0.074517,0.006718,0.000695,0.090153,0.000292,0.164145,20.0,0.045547,0.022038,0.129378,0.088531,9.173754556500606e-05,基本完好
框架,332.0,0,4,0.758,18.5,4.62,4.62,99.92,67.23,0.229363,0.006491,0.000209,0.028298,0.000596,0.085547,0.75,0.099059,0.017442,0.284614,0.02168,8.64332603938731e-06,基本完好
砌体,665.2,0,2,0.112,6.375,3.125,3.25,10.125,9.125,1.95115461996,0.11935280579960517,0.1045606280489118,0.061170347331085416,0.5974631760034836,8.114984554405892,17.153311991592183,1.8271279760934624,0.5433291432682534,0.44238789220300034,4.89748029244591,0.003431010141927164,严重破坏
框剪,212.48,0,10,2.097,40.2,5.4,3.9,23.4,23.4,0.121540874238,0.025069839287963573,0.026306001735491278,0.20626673491645361,0.01965275735748529,3.708676355815258,123.4794283031327,0.14025941885507448,0.11514732147841057,0.029904468985806995,0.2149653346626948,0.002931384199428477,中等破坏
框架,337.18,0,10,2.285,34.8,4.2,3.4,96.9,22.2,0.07847790295134999,0.028595159285632936,0.019636257547239938,0.3643721125341441,0.003973729783306468,1.4418478144788145,97.4680301500805,0.06418097584937113,0.06834515273843568,0.015135254401804656,0.08311781095533972,0.001611140790582872,基本完好
砌体,559.0,0,3,0.741,16.46,5.49,5.49,32.31,21.54,0.096109,0.004094,0.000225,0.042601,0.000702,0.152983,3.96,0.079728,0.013579,0.223937,0.031262,4.6476306196840825e-05,基本完好
砌体,306.37,0,3,0.119,9.0,3.0,3.0,4.6,3.0,0.0642782365974,0.002584484064770915,0.0004662747673119079,0.04020776240267076,0.0003971015924747914,0.20204877903528398,17.502897487637238,0.052585904340319525,0.012430615515486305,0.011290612274167873,0.13148167283857484,9.897298763573261e-05,基本完好
砌体,269.29,0,3,0.119,9.0,3.0,3.0,4.6,3.0,0.7264655239540736,0.06059578026354024,0.01268161473246181,0.08341177697425191,0.1195676648254902,3.473092387133919,18.37,0.8238821490456678,0.6415194946848629,0.1460862970452028,0.761138643541068,0.00045677442671982973,轻微破坏
框架,347.0,0,1,0.272,4.72,4.72,4.72,64.92,65.84,0.076517,0.001771,0.000122,0.023145,0.000245,0.088104,4.015,0.044252,0.006474,0.12771,0.104017,5.9322033898305065e-06,基本完好
框架,274.0,0,3,0.605,13.68,4.56,4.56,30.86,76.0,0.02879,0.002145,0.000185,0.07452,8.4e-05,0.086232,20.295,0.026599,0.007626,0.074793,0.036574,2.6805251641137854e-05,基本完好
框架,242.05,0,15,3.014,53.4,4.2,3.4,96.9,22.2,1.481065485091116,0.2602396856516915,0.1368322410649866,0.1757111270712526,0.3564092527529115,5.008065813383695,16.41,1.243883602399612,1.284579990547984,0.2871226153879676,1.486964344160446,0.008175382352941176,中等破坏
框剪,336.92,0,10,2.097,40.2,5.4,3.9,23.4,23.4,0.3322150767915,0.02801978867469319,0.003068417453015292,0.08434231506078986,0.02991202145198396,1.7071074677006648,15.178559354989023,0.39272527005314073,0.10355343763216895,0.10522750160851634,0.04720205912600527,0.0008526183515497691,基本完好
框架,259.0,2,13,1.746,56.24,3.12,3.58,57.61,21.95,1.40898,0.09351,0.01039,0.066367,0.139583,3.062624,12.46,1.049494,0.331762,2.962096,0.204212,5.755395683453503e-07,基本完好
框架,492.43,0,15,3.014,53.4,4.2,3.4,96.9,22.2,0.707670709416615,0.07854746326451192,0.02725299561380846,0.1109943681705639,0.0805893688696281,2.693097814133986,14.0,0.7097062551240115,0.5146066401804503,0.09159547375813458,0.5883288497276576,0.003092764705882353,轻微破坏
砌体,256.0,0,2,0.112,6.375,3.125,3.25,10.125,9.125,0.8090302865644999,0.1923566175573259,0.08844830539752059,0.23776194878211182,0.23094060966481078,7.701926933304337,58.510265776171,0.694132504383165,0.6305017969345017,0.14892094127098543,0.9843682060580405,0.0008928471750600099,轻微破坏
框架,425.34,0,15,3.014,53.4,4.2,3.4,22.2,96.9,0.3829921773681731,0.02505803963727086,0.002039354733704386,0.06542702728150603,0.02048529781940049,1.292259435679071,13.8,0.4332129795128323,0.2317195205560699,0.05655784533122066,0.1519593632820031,0.0008974117647058827,基本完好
框架,399.84,0,10,2.285,34.8,4.2,3.4,96.9,22.2,0.478623752166,0.07851036132421275,0.08987664188122725,0.16403356701149086,0.03774762693175582,2.156244176942548,22.132974602994167,0.40133391379764366,0.1206346344860591,0.09789186176143051,0.12658352034922277,0.003559562890872611,轻微破坏
框剪,280.0,1,3,0.444,14.44,3.04,3.8,79.04,20.67,0.078514,0.005096,0.00063,0.064905,0.000699,0.236622,13.79,0.056108,0.021855,0.15701,0.154773,7.288629737609332e-06,基本完好
砌体,557.42,0,2,0.112,6.375,3.125,3.25,10.125,9.125,7.887205182814999,0.5023590916908252,0.06260783841155997,0.06369291530355872,3.6374904601214113,12.627334833991414,5.881382613370562,5.201605754020634,1.8038566485827159,1.8641586431737758,10.60212899706448,0.02170187351668109,倒塌
剪力墙,459.14,0,22,3.1,66.9,6.0,2.9,30.6,30.6,0.2907395102147263,0.04472373820686268,0.02316424522836839,0.153827521322547,0.02578162909042753,1.817713274076434,24.465,0.2894344651246911,0.2401974563168091,0.06599409711575159,0.2521706256375678,0.003908379310344821,中等破坏
剪力墙,337.0,1,6,0.549,24.38,3.96,4.01,80.7,42.1,0.76886,0.06298,0.02131,0.081913,0.151429,5.141899,24.9,0.554529,0.291506,1.528615,0.97054,0.00016399999999999997,基本完好
框剪,316.64,0,10,2.097,40.2,5.4,3.9,23.4,23.4,4.659566873809045,0.411833656302935,0.0779185216566573,0.088384536042998,2.12154756812567,12.02963908229389,13.69,2.971158526767273,2.482988272107424,0.7708122655411309,2.512710158922423,0.01821671794871796,倒塌
砌体,365.22,0,3,0.119,9.0,3.0,3.0,4.6,3.0,1.115893800175,0.055263381303342844,0.01086455067396069,0.04952387162172257,0.11232638826190902,2.752421029653145,9.229557573774727,0.9578951989136885,0.19357167926102647,0.26150025082465994,1.7029028197930869,0.0009452800400997334,轻微破坏
框架,522.0,0,2,0.401,7.92,3.96,3.96,30.48,48.77,0.038667,0.002397,0.000178,0.061998,0.000148,0.130664,18.82,0.03122,0.007697,0.085617,0.079646,1.54040404040404e-05,基本完好
框架,352.05,0,15,3.014,53.4,4.2,3.4,96.9,22.2,0.4859190567275558,0.03346235197530199,0.006752653434125495,0.06886404538372243,0.04293239351762032,2.03563681868176,19.135,0.6852409078937607,0.3390215228626587,0.08362594980234256,0.2469990547388689,0.0021346470588235297,轻微破坏
剪力墙,257.0,0,1,0.257,8.89,8.89,8.89,71.55,27.76,0.061992,0.004206,0.000683,0.067845,0.00054,0.269773,23.69,0.057446,0.021656,0.15384,0.205344,1.478953356086461e-06,基本完好
剪力墙,895.0,0,3,0.32,11.89,3.96,3.96,22.25,35.05,0.174412,0.007044,0.000441,0.040385,0.001803,0.270411,6.825,0.115981,0.022283,0.331679,0.289803,1.0849453322119437e-05,基本完好
框架,341.56,0,10,2.285,34.8,4.2,3.4,96.9,22.2,1.324149780905,0.09454650225423729,0.015439141403364906,0.07140166740776015,0.11317132721582128,2.8035237746737076,16.174565982841067,1.0295425217210592,0.23438440913694022,0.19827754846261902,0.14724634492427313,0.004186234467955283,中等破坏
框架,456.75,0,10,2.285,34.8,4.2,3.4,96.9,22.2,0.19933330216099998,0.03335663630356166,0.03829679924511616,0.16734101096975637,0.03501417735978516,4.455601534839715,112.31508511351609,0.19795750949238078,0.12727288863208702,0.04185280522857944,0.15350847447546884,0.003748817263208901,轻微破坏
框剪,316.02,0,10,2.097,40.2,5.4,3.9,23.4,23.4,0.8899939054478881,0.07132325360235663,0.02428276928107372,0.08013903597066016,0.1661986778134966,4.116590341006387,21.6,0.6489532568025401,0.5843201323214807,0.1697999100533518,0.8807940785134913,0.005777435897435895,严重破坏
框架,390.0,1,5,0.88,22.56,4.27,4.62,127.68,33.92,0.097776,0.005325,0.000289,0.054459,0.000814,0.215598,9.33,0.089633,0.017266,0.251358,0.100142,2.796985815602837e-05,基本完好
砌体,561.43,0,3,0.119,9.0,3.0,3.0,4.6,3.0,1.48973323816306,0.1575711360063427,0.05774996108924517,0.1057713770289763,0.4295835637566131,5.985191546362221,15.71,2.115586885163118,1.030401141111688,0.258997484492737,2.270661361062433,0.0010090936911722867,中等破坏
框架,249.92,0,15,3.014,53.4,4.2,3.4,96.9,22.2,1.157158737381691,0.1613496658595263,0.1089854927797024,0.1394360692679147,0.2743742180313585,5.326336026570657,21.43,1.900687741903244,0.6945446889997636,0.2079512777537078,0.8960782654835564,0.009341058823529409,中等破坏
框架,329.0,0,15,3.014,53.4,4.2,3.4,96.9,22.2,0.8631479787356581,0.05599205413713012,0.005599189498176471,0.06486958843273602,0.04593998946503144,1.044683558352206,5.23,0.80236912537745,0.3841395387063101,0.1662537056223491,0.133490555430427,0.0009241470588235294,基本完好
剪力墙,351.0,0,2,0.24,8.08,4.04,4.04,71.63,37.49,0.382722,0.026045,0.005264,0.068053,0.022769,2.106492,44.08,0.315479,0.110213,0.868635,1.023681,7.376237623762378e-05,基本完好
剪力墙,567.0,0,8,0.52,22.71,3.66,2.74,64.62,22.56,0.57102,0.07827,0.02118,0.137071,0.100696,3.418707,18.42,0.444368,0.384671,1.24609,2.154928,0.0004959276018099546,基本完好
剪力墙,428.0,1,9,0.79,39.62,3.96,3.66,56.89,25.25,0.051738,0.016238,0.025383,0.313855,0.001243,0.521621,41.28,0.036395,0.033918,0.105966,0.09904,7.905342080599818e-05,基本完好
砌体,421.44,0,2,0.112,6.375,3.125,3.25,10.125,9.125,0.2116837053069026,0.008568107135840062,0.001206513312995003,0.04047598809468058,0.003431096361129979,0.3780190888134949,9.115,0.2316319286479863,0.09181675972349726,0.04023732428512909,0.3325001561665878,0.00013973257345003347,基本完好
框架,297.71,0,10,2.285,34.8,4.2,3.4,96.9,22.2,0.2438340165975,0.04646384921885185,0.03577271710427663,0.1905552386300158,0.02288164958165884,2.298827020872021,54.573247734156574,0.20374658279907232,0.23411488491367344,0.04853727821989849,0.25743990479734374,0.002940416160918114,轻微破坏
框剪,395.57,0,10,2.097,40.2,5.4,3.9,23.4,23.4,1.6184051788099998,0.18941942435760822,0.08662176596689779,0.11704079227977186,0.42120976718433073,7.624924079919186,19.70158092936674,1.5049554849141096,0.6930241807074764,0.3465934348764675,0.5881768977426908,0.006546067257206634,严重破坏
剪力墙,270.41,0,10,0.91,32.1,6.0,2.9,30.6,30.6,1.062323276673818,0.07671673582396932,0.008748465304762205,0.0722159981885861,0.04097933199693111,1.017271532434866,4.49,1.0022300665993,0.2868724304094591,0.1240167496241456,1.083768768579848,0.0009337931034482756,基本完好
框架,338.0,1,4,0.847,21.43,4.26,4.1,36.48,63.84,0.08106,0.004175,0.000548,0.051504,0.001074,0.395404,26.86,0.051201,0.018829,0.145364,0.104126,9.221466364323509e-06,基本完好
框架,339.06,0,10,2.285,34.8,4.2,3.4,96.9,22.2,0.5926876596505514,0.1080064974999438,0.1179119685390139,0.1822317298855596,0.08836880671132229,3.731134190883017,30.23,0.692770870788283,0.5170968850659661,0.09832480005536381,0.6845630739759025,0.004417617647058824,中等破坏
框架,269.0,1,13,1.76,56.85,4.11,4.11,50.9,50.9,0.06471,0.002749,0.000349,0.042477,0.000503,0.213756,14.09,0.053135,0.014207,0.146859,0.010249,1.0104166666666667e-05,基本完好
框剪,282.0,1,5,0.592,21.18,4.72,4.63,60.45,32.85,0.080649,0.007383,0.001029,0.091546,0.001575,0.489963,28.935,0.062036,0.032779,0.17456,0.199759,3.2414448669201535e-05,基本完好
框剪,326.47,0,10,2.097,40.2,5.4,3.9,23.4,23.4,3.0271451612849996,0.21445899260869491,0.09025112590787006,0.0708452952146037,1.2287937453310478,8.92657732815144,15.141951327114672,2.8044185560685224,1.1174778502633433,0.6752587603249125,1.8202395703267613,0.008461547847651647,严重破坏
框架,585.12,0,10,2.285,34.8,4.2,3.4,22.2,96.9,0.4210988235611954,0.02068394626183693,0.003393525936838789,0.04911898372670488,0.01176323667961599,0.844370659787387,9.504999999999999,0.2704190386416036,0.0769180005864229,0.04296048433556184,0.09431072731355045,0.0016352058823529414,基本完好
框架,497.73,0,15,3.014,53.4,4.2,3.4,22.2,96.9,0.48935752285699996,0.10023951453380145,0.137258334845027,0.20483901820610906,0.08309303395497109,3.524639408364592,21.866075432363083,0.45446276572277977,0.2984987749896103,0.14612298697824042,0.13317232038460683,0.004673340118242173,中等破坏
框架,329.52,0,10,2.285,34.8,4.2,3.4,96.9,22.2,0.254629393765368,0.07283242387516499,0.05583428383427699,0.2860330568994619,0.04582862496970735,3.042581868824857,37.7,0.2669998795124963,0.2664369746623192,0.07058265463084393,0.5246416966245052,0.005752558823529413,中等破坏
框架,314.0,0,2,0.479,10.02,3.8,5.01,58.6,32.54,0.036434,0.002937,0.000262,0.080618,0.000232,0.153014,18.16,0.025999,0.011016,0.07477,0.137033,6.861755802219977e-06,基本完好
剪力墙,388.33,0,22,3.1,66.9,6.0,2.9,30.6,30.6,3.660941555914749,0.2733054558152757,0.03727789542199891,0.07465441653219336,3.704148330667799,15.52056108489725,10.465,7.609670548796998,2.066319831261879,0.9618455072326193,1.921974955138428,0.006769000000000004,严重破坏
框架,325.0,1,12,1.906,63.23,5.17,4.56,96.98,79.34,0.213457,0.006767,0.000756,0.031701,0.001345,0.220913,5.575,0.071851,0.021821,0.215303,0.011278,5.666003976143139e-06,基本完好
剪力墙,628.99,0,22,3.1,66.9,6.0,2.9,30.6,30.6,4.182054856050732,0.7484055176736745,0.1906030833979572,0.1789564086159361,1.762748296525579,8.851600961317999,6.490000000000001,3.555376001405126,1.886580190212324,0.6436253236190626,2.561767363008293,0.01934796551724137,倒塌
砌体,330.5,0,3,0.119,9.0,3.0,3.0,4.6,3.0,0.8913000342716012,0.0836687130577715,0.01721943972987325,0.09387266895613691,0.1521628217811171,3.790383026671032,17.82,0.9584686377792455,0.7347144101843759,0.164799876079865,1.073354455753453,0.0005991755686230501,轻微破坏
砌体,347.7,0,3,0.119,9.0,3.0,3.0,4.6,3.0,0.804615038535,0.026518693067877415,0.0016057707581741084,0.03295823691806858,0.027870084055897068,0.6808942395414561,2.793651977646785,0.6059928849014617,0.05320648759711895,0.23675798877905774,2.2034424248438627,0.0006798699316620864,轻微破坏
剪力墙,351.4,0,22,3.1,66.9,6.0,2.9,30.6,30.6,1.223392884891514,0.1084385949104786,0.03663915210276675,0.08863758834112764,0.4893638420432672,8.955126545365,33.5,0.7538314084170433,1.520944876331581,0.2168372646672486,2.462291261041429,0.010240655172413793,倒塌
框架,312.47,0,10,2.285,34.8,4.2,3.4,96.9,22.2,0.767876733695693,0.07856062371263524,0.01854809184482488,0.1023088996778597,0.1663818420318125,4.792803296664369,23.2,0.4825628549894644,0.5251841916255063,0.1315990263686638,0.6723603508557774,0.010407264705882355,严重破坏
框剪,421.2,0,10,2.097,40.2,5.4,3.9,23.4,23.4,0.5487156045433602,0.08488249078455648,0.02841390984647621,0.1546930506107904,0.07146706150167641,3.144384862232736,27.54,0.6303040564851196,0.470912225669637,0.08625575829801119,0.5092082785361081,0.005276205128205126,严重破坏
框剪,308.88,0,10,2.097,40.2,5.4,3.9,23.4,23.4,1.0822265900599999,0.24016955020254763,0.1824857921391597,0.22192168664903378,0.504476261517947,8.642648575069805,20.850416847405597,0.7361910477049658,0.7627743765139434,0.368709774184385,0.9403367063495002,0.01060962354758856,倒塌
框架,347.0,0,1,0.272,4.72,4.72,4.72,64.92,65.84,0.246094,0.004603,0.000156,0.018706,0.002434,0.255627,3.135,0.081628,0.01289,0.261009,0.084587,2.2033898305084744e-05,基本完好
框剪,271.9,0,10,2.097,40.2,5.4,3.9,23.4,23.4,0.5839895001816806,0.05095521307477056,0.008946059233572355,0.08725364592842554,0.03275682185517123,1.410923597594167,12.39,0.6001472416148299,0.3257889814441258,0.09644139408226923,0.6422652798193199,0.0015309065076923075,轻微破坏
框剪,609.0,0,10,2.097,40.2,5.4,3.9,23.4,23.4,0.7732267958135,0.05154938150964928,0.019107316485869153,0.06666786742098736,0.09257664589397378,3.311881085572273,13.602827283449678,0.7549897197800368,0.13858675685862165,0.19554998324731462,0.06798027153307082,0.002424331682802027,轻微破坏
框架,438.19,0,15,3.014,53.4,4.2,3.4,22.2,96.9,3.5175227718749995,0.42318276561088297,0.16996710033012286,0.12030704363722067,1.49689982839348,15.009545476804064,26.663205071561002,2.740869138782468,1.7632768765585376,0.5616449351630908,1.3394492528677062,0.01378006986155603,严重破坏
框剪,280.86,0,10,2.097,40.2,5.4,3.9,23.4,23.4,0.3483660460194825,0.1257148939624667,0.08244856107135748,0.3608701117658178,0.09064600778988344,4.162553376228262,35.37,0.333736497060851,0.4144973581332511,0.100262118116556,0.6324781764297178,0.006506333333333334,严重破坏
框剪,273.0,1,10,1.023,43.89,5.18,3.66,57.91,42.98,0.04714,0.008802,0.002338,0.186726,0.001364,0.540433,41.77,0.039649,0.039429,0.114273,0.124421,4.2891107941036636e-05,基本完好
框架,296.62,0,10,2.285,34.8,4.2,3.4,96.9,22.2,0.3979222852630792,0.05015327232001974,0.02156669422223177,0.1260378575853368,0.03982413580912884,2.466300630910672,26.49,0.449733652901542,0.3503837558950182,0.06437780432831833,0.2827923859326233,0.008162323529411765,中等破坏
框剪,367.57,0,10,2.097,40.2,5.4,3.9,23.4,23.4,0.20184370649449998,0.008626966523509036,0.0007109696637053847,0.04274082493498063,0.0026734075413331823,0.4014869564029904,8.44652894906032,0.1550036505926151,0.020445953851861667,0.04217111665967079,0.011511446916327895,0.0002600396899037242,基本完好
剪力墙,653.0,0,3,0.365,14.17,4.72,4.72,52.27,21.64,0.49152,0.06049,0.02335,0.123067,0.031268,1.683908,14.62,0.361817,0.172373,1.012901,0.649432,7.480592801693709e-05,基本完好
框剪,333.85,0,10,2.097,40.2,5.4,3.9,23.4,23.4,1.869422668440919,0.07334196115528685,0.0118857432590056,0.03923241244124494,0.2840030479687469,3.954251404790941,9.365,1.928529098000844,0.6288914798432285,0.2431709209719083,0.423425199400547,0.001958282051282051,轻微破坏
砌体,277.5,0,2,0.112,6.375,3.125,3.25,10.125,9.125,1.5851537706549998,0.5089854558066313,0.3620373493506904,0.32109531909722167,1.2212634563703666,15.612466005695097,33.772479481359696,1.2707323290638715,1.3509144813513096,0.4507594722410169,2.6942221246318017,0.003960750951858091,严重破坏
砌体,246.07,0,2,0.112,6.375,3.125,3.25,10.125,9.125,2.571344988987263,0.3492267117968312,0.0825662070852735,0.1358148024837289,1.507777390278439,10.42621586112023,9.330000000000002,1.659902992847578,2.623254181373404,0.3806448077250312,2.502973776697323,0.004676381524939557,严重破坏
框剪,195.38,0,10,2.097,40.2,5.4,3.9,23.4,23.4,0.5087973432185,0.20645376595951048,0.2503779595813175,0.4057681682328481,0.20896591081931698,11.648978917904838,129.05695094879468,0.5341338957422533,0.31721180659725645,0.09538249444123434,0.41394317998061725,0.008318767997456051,严重破坏
剪力墙,457.0,1,4,0.476,20.19,4.04,4.04,33.22,41.45,0.157343,0.00859,0.001291,0.054594,0.001931,0.373522,14.445,0.125494,0.037732,0.355956,0.240021,1.8771669143140166e-05,基本完好
砌体,457.06,0,3,0.119,9.0,3.0,3.0,4.6,3.0,1.145488843207716,0.2902528611396417,0.1978303555274614,0.2533877679042649,0.2602162559648563,5.153441742724079,18.66,0.7430728336047839,1.068466040074208,0.1921854775122217,1.239905949749586,0.0007893005498196998,轻微破坏
剪力墙,433.0,1,6,0.611,28.14,3.12,3.51,35.66,38.1,0.29942,0.04717,0.01117,0.157538,0.046808,2.813992,27.5,0.238379,0.303236,0.657252,0.625564,0.0007614678899082569,基本完好
砌体,320.93,0,3,0.119,9.0,3.0,3.0,4.6,3.0,2.002736103565143,0.08346814758274512,0.007308849421774137,0.04167705741867861,0.2879039360340849,3.79664113088389,8.245000000000001,2.39597389436539,0.6930292940663023,0.2158963991561494,2.249695519831809,0.0023375478709675647,严重破坏
框架,999.66,0,15,3.014,53.4,4.2,3.4,22.2,96.9,0.6221227944854999,0.07422027819052433,0.13240268727682086,0.11930165370633147,0.08066208280652133,3.153539083057926,19.973826904764245,0.5419814556166296,0.26871557711782057,0.15063494353107296,0.18446124933399677,0.003590507157135273,轻微破坏
框架,420.0,0,8,1.373,40.84,5.18,5.18,75.13,91.44,0.189773,0.005143,0.000239,0.0271,0.000924,0.204585,8.47,0.089356,0.014284,0.246932,0.008526,4.922779922779922e-06,基本完好
框剪,277.5,0,10,2.097,40.2,5.4,3.9,23.4,23.4,1.5851537706549998,0.5089854558066313,0.3620373493506904,0.32109531909722167,1.2212634563703666,15.612466005695097,33.772479481359696,1.2707323290638715,1.3509144813513096,0.4507594722410169,2.685976425882519,0.01078411922182498,倒塌
剪力墙,549.75,0,16,1.91,49.5,6.0,2.9,30.6,30.6,1.771384696064854,0.1079873446074547,0.009192202361788315,0.06096210769312249,0.1619055839023703,2.116827738428001,4.445,2.084881840609448,0.5662134574266546,0.2144092402338612,0.9939444949273227,0.0014997241379310349,轻微破坏
框架,913.77,0,15,3.014,53.4,4.2,3.4,22.2,96.9,0.18208203187999997,0.05951288596116852,0.07699103380737096,0.3268465611169702,0.02176110642071098,2.705969599227095,59.73234126963916,0.13461897726866462,0.17544105269394095,0.045243622652716475,0.18632552457104523,0.003389846259426782,轻微破坏
框架,266.41,0,10,2.285,34.8,4.2,3.4,22.2,96.9,0.5931644844720662,0.06426401618145526,0.009093440081889507,0.1083409709511724,0.08991200486886818,2.701837225141814,13.11744,0.4561658612189871,0.3756806541378373,0.1466412046185002,0.9094451315206119,0.001570852941176471,基本完好
剪力墙,294.0,0,14,0.927,49.07,3.66,3.51,47.55,41.76,0.039275,0.003344,0.000547,0.085149,0.000609,0.306061,39.34,0.035582,0.018734,0.099254,0.054693,2.439372325249643e-05,基本完好
砌体,298.71,0,3,0.119,9.0,3.0,3.0,4.6,3.0,0.3033994125645,0.012374352353600968,0.0013487269202614033,0.04078568329782212,0.0072500148227790705,0.9949334221530877,30.37130300477859,0.18918518941236317,0.04233140218927735,0.036623461438945855,0.6214482668196375,0.0001791610854708765,基本完好
砌体,400.62,0,3,0.119,9.0,3.0,3.0,4.6,3.0,0.1024697839165,0.007406943748538281,0.0006719883517515517,0.07228417456773413,0.0009256001645862836,0.2488520088380638,7.834883483766134,0.09478622442301507,0.019137509970283937,0.025764225666699704,0.20674488905477076,0.0001013320547695605,基本完好
剪力墙,457.0,0,1,0.208,6.69,6.69,6.69,67.49,61.41,0.104497,0.00277,0.000846,0.026506,0.000335,0.103142,3.6,0.052099,0.010984,0.148104,0.229067,0.0002397608370702541,基本完好
框架,287.0,1,3,0.56,12.34,3.2,4.57,35.47,11.41,0.092856,0.002073,0.000102,0.022329,0.000226,0.086812,5.44,0.0388,0.006159,0.114847,0.03432,7.971864009378666e-06,基本完好
砌体,856.38,0,2,0.112,6.375,3.125,3.25,10.125,9.125,0.493523780043,0.08899886721135694,0.06402905199140378,0.18033349315731573,0.07475941020429688,3.3444751627365243,24.213412942082968,0.462896671461307,0.3894833607896174,0.13171237560454946,0.5828964777747946,0.0004549043907080334,轻微破坏
框架,210.73,0,15,3.014,53.4,4.2,3.4,22.2,96.9,1.173984472115,0.2336355705714346,0.14034959915497522,0.1990107843168716,0.4491668193370346,11.955659043116386,61.2731691354474,1.0775213583707002,0.7807100643112679,0.20295058885614328,1.2536766094908072,0.01073956529980492,严重破坏
剪力墙,296.97,0,22,3.1,66.9,6.0,2.9,30.6,30.6,0.7634431667454362,0.1981970372630263,0.1052122090108749,0.2596094193991436,0.3913022900727151,9.885596445962827,35.48,0.8401355495312264,1.182132696041982,0.1427053131783661,0.8598805064112953,0.013275999999999998,倒塌
框架,322.0,1,5,0.924,24.08,3.96,3.97,55.63,55.63,0.225687,0.011045,0.000808,0.048939,0.004554,0.633797,13.29,0.179882,0.036119,0.496664,0.068772,4.744479495268139e-05,基本完好
框架,311.0,0,3,0.636,14.63,4.88,4.88,65.84,39.01,0.053097,0.004388,0.000507,0.082643,0.000854,0.320741,22.985,0.031458,0.019475,0.097023,0.175147,8.783068783068792e-06,基本完好
砌体,338.54,0,2,0.112,6.375,3.125,3.25,10.125,9.125,0.08742926681614406,0.01735153639439684,0.01823347970653757,0.198463707020277,0.001473810604569295,0.3846787458469747,22.025,0.06002709056941245,0.06325477450409511,0.01894912298084591,0.08135019779551604,5.135990797289943e-05,基本完好
砌体,386.88,0,3,0.119,9.0,3.0,3.0,4.6,3.0,0.07497120181775,0.005867832525988791,0.0005393386354075064,0.07826781995909711,0.0005386978030987376,0.2076748633709639,14.01846591816581,0.06793210663236159,0.012012823541929634,0.014694134513161934,0.16813330239857782,9.687383865669454e-05,基本完好
框架,480.22,0,10,2.285,34.8,4.2,3.4,96.9,22.2,0.3353865474015,0.048686386070596506,0.05567169397181218,0.14516499378942818,0.023890661952655257,1.862988848643107,26.09913390639968,0.27022395521566966,0.19095221908303373,0.07171709635755091,0.22207646956175897,0.003228048763237815,轻微破坏
剪力墙,282.0,0,1,0.136,3.8,3.8,3.8,92.01,75.1,0.05894,0.00205,0.000184,0.03478,0.000103,0.06265,12.105,0.031442,0.005166,0.087797,0.156053,1.2105263157894739e-05,基本完好
框剪,194.98,0,10,2.097,40.2,5.4,3.9,23.4,23.4,0.759240453517,0.198095013800912,0.08222696981584841,0.2609120903440856,0.2198084532824842,6.8677040945330745,32.36132307087074,0.47377029042357655,0.679412353720648,0.195357781420622,0.913891646886689,0.008287103216605666,严重破坏
剪力墙,276.25,0,22,3.1,66.9,6.0,2.9,30.6,30.6,0.632950414817,0.025755105226137564,0.006922902439071611,0.04069055746425877,0.027198221311099967,2.284662808770391,50.570051246428335,0.42507808329143115,0.09958957090196074,0.05497246466244868,0.05642524318542916,0.001716290413270774,轻微破坏
框架,782.0,0,10,2.285,34.8,4.2,3.4,96.9,22.2,0.520365954024,0.05753067796411096,0.052770410199679194,0.11055811303415436,0.04279078224248068,2.0089434187219566,18.098961857497102,0.5085327200235017,0.1628497268221773,0.11525769617942164,0.1773279202651074,0.002977416138528791,轻微破坏
砌体,356.39,0,2,0.112,6.375,3.125,3.25,10.125,9.125,0.3223476413396126,0.02932230610342294,0.004114662955109223,0.09096485391227087,0.01465210879365385,1.046162735028231,15.2076,0.3578918858823847,0.1459704333301442,0.06187792119811841,0.5733692693119641,0.00020705877951794638,基本完好
剪力墙,325.67,0,10,0.91,32.1,6.0,2.9,30.6,30.6,5.466744501119999,0.7604748701796749,0.14439304744320697,0.13910927610095417,3.1377275555909683,11.29594237536044,6.622096310118914,2.999982448743369,3.0690663035034396,1.6316669749931283,14.013597118860787,0.01714978460345198,倒塌
框剪,347.0,1,13,1.107,48.77,4.88,3.66,40.33,40.33,0.145067,0.003841,0.000157,0.026475,0.000292,0.087747,3.67,0.050218,0.010012,0.154061,0.009201,3.704918032786886e-05,基本完好
框架,392.97,0,15,3.014,53.4,4.2,3.4,22.2,96.9,0.5992563344809999,0.06391610855598967,0.009237808613893126,0.10665904535051052,0.07988722269724374,2.152911098661274,8.971828248224195,0.696716721108798,0.25988757133340334,0.22367623296306574,0.05746578277378876,0.002273980810439275,轻微破坏
砌体,475.46,0,2,0.112,6.375,3.125,3.25,10.125,9.125,2.074695854665,0.42127578867387583,0.5583106886585493,0.20305423936073705,1.4381828197766298,15.807536827111647,30.846165812008792,1.8996695730221016,0.9818916994490157,0.511832793292587,4.649292281080615,0.005051204354704938,严重破坏
砌体,408.93,0,2,0.112,6.375,3.125,3.25,10.125,9.125,0.5860627396227803,0.066147064330334,0.03470927425409119,0.1128668653682191,0.05551609079587654,2.629794345957669,28.99,0.6171683491020505,0.3337838425561503,0.08846717680353768,0.8346826712803894,0.0004578275291012089,轻微破坏
剪力墙,217.92,0,10,0.91,32.1,6.0,2.9,30.6,30.6,0.09531253307965366,0.02836137513338646,0.02037508470704566,0.2975618653392054,0.004516571882366099,0.9281882158860426,37.90000000000001,0.07487840699200844,0.1138321634977687,0.02332408740320849,0.3613295319079629,0.0005005862068965518,基本完好
框架,400.62,0,10,2.285,34.8,4.2,3.4,96.9,22.2,0.1024697839165,0.007406943748538281,0.0006719883517515517,0.07228417456773413,0.0009256001645862836,0.2488520088380638,7.834883483766134,0.09478622442301507,0.019137509970283937,0.025764225666699704,0.009212011664678237,0.0003025281137621702,基本完好
框架,380.06,0,10,2.285,34.8,4.2,3.4,96.9,22.2,7.3821559159972,0.7767325672236446,0.1184123023235801,0.1052175781793579,4.714515274137829,16.73454822513954,8.205000000000002,7.233803553042977,3.983300691031213,0.7849595791603721,7.270022804500713,0.034739000000000006,倒塌
剪力墙,200.28,0,22,3.1,66.9,6.0,2.9,30.6,30.6,0.0935221572299,0.007253252461011021,0.0008281889676620134,0.07755651362041167,0.0013164237710302927,0.3468185272677561,17.22867135750122,0.09843292190524422,0.02949813515559457,0.020720184516074627,0.005162746523689554,0.0005603882944934701,基本完好
框剪,217.05,0,10,2.097,40.2,5.4,3.9,23.4,23.4,0.310938863151,0.082414882747308,0.06775907386039758,0.2650517272499488,0.06948557322705942,4.039536841737823,43.904532298351306,0.20113485711840962,0.332689160289276,0.09430056585448746,0.553130738983734,0.00492156648719718,中等破坏
剪力墙,353.63,0,22,3.1,66.9,6.0,2.9,30.6,30.6,0.16409065372349999,0.00434044134646391,0.0003286615936439886,0.026451484273916942,0.0024438152684729472,0.4121986196736056,12.251821146186302,0.11365337193486519,0.012596147426589963,0.03347769256354734,0.0016763660349386937,0.0005683850781683081,基本完好
框剪,704.64,0,10,2.097,40.2,5.4,3.9,23.4,23.4,4.63933194333,0.5006648229593786,0.39287870405425346,0.10791743920785576,1.3951132826543315,9.930129489342992,11.337309905080005,4.239539878310826,1.0756162026259641,0.8315174768697319,1.0292458425005933,0.01039810301864606,倒塌
框架,212.48,0,10,2.285,34.8,4.2,3.4,96.9,22.2,0.1399527615465,0.02608473110992921,0.025467370673635935,0.18638239661503522,0.01409370379014676,3.1274467541756015,122.86630055561963,0.12508838929394372,0.09715338656913478,0.025387377027444456,0.19161277511122637,0.003163413794706334,轻微破坏
砌体,224.22,0,2,0.112,6.375,3.125,3.25,10.125,9.125,0.324647579186,0.05284507608273043,0.04541957957499107,0.16277674460173305,0.0378204008255876,3.1105874746527498,43.09636658253992,0.20872075955702446,0.18618316462850226,0.07022057627772257,0.38600671555431787,0.0002703694436717467,基本完好
框剪,256.82,0,10,2.097,40.2,5.4,3.9,23.4,23.4,2.428220852171346,0.1108825028142704,0.04984078049127644,0.04566409299842634,0.3170013256627859,4.367667014138109,13.13,2.086807184237582,0.898021064154909,0.2748871703707561,1.052163043097468,0.002079079487179486,轻微破坏
框剪,340.65,0,10,2.097,40.2,5.4,3.9,23.4,23.4,1.01076749284,0.05750506729170661,0.012208489576328634,0.05689247794280758,0.12434775256481692,3.732807018251294,23.164554517234208,0.9288718357303036,0.28339496594009234,0.17367153701154858,0.3592349610918808,0.002702210695102216,中等破坏
砌体,426.0,0,2,0.112,6.375,3.125,3.25,10.125,9.125,1.2815516546349999,0.4175641430742588,0.5338699556619875,0.3258270094412899,0.4260680387416209,8.43719005486625,26.531554403954694,1.0964407674794945,0.7824476562847716,0.30038606735792905,3.0282655595586334,0.002235545260838054,严重破坏
框架,483.02,0,10,2.285,34.8,4.2,3.4,96.9,22.2,0.04846065446542037,0.004747116960038726,0.0005262449290322199,0.09795816858862445,0.0002853451884377714,0.1287387855554757,7.8428,0.03859906614762333,0.0234695889456946,0.00545246364243519,0.042927976850661,9.055882352941179e-05,基本完好
框剪,301.0,0,10,2.097,40.2,5.4,3.9,23.4,23.4,0.4151074592959966,0.1411315802213025,0.1799834305008733,0.3399880610689465,0.07054869873360002,3.709994981989566,35.64,0.256690964795048,0.4772553341261834,0.07933604237904009,0.8311324245782562,0.010831256410256413,倒塌
框架,283.34,0,10,2.285,34.8,4.2,3.4,96.9,22.2,0.2188129375215,0.006461724403177279,0.0008240326835020823,0.029530815117101414,0.003506448207937347,0.5595222906954174,18.123770548593384,0.15348147908984572,0.02682237929028451,0.03297092190013114,0.012115092573511496,0.0004947345284717574,基本完好
砌体,645.72,0,2,0.112,6.375,3.125,3.25,10.125,9.125,1.091765518515,0.4269728826239567,0.4132201834907596,0.3910847845833395,0.4601779660516024,8.727541926241134,26.941165653373595,0.7285187091915819,0.9778194126915314,0.30979640446464835,1.158573337193106,0.001794449915505999,中等破坏
剪力墙,431.0,0,10,0.589,26.82,3.05,2.64,65.66,22.96,0.51243,0.013928,0.000991,0.02718,0.009243,0.494025,3.59,0.247326,0.041473,0.760016,0.166708,2.164021164021166e-05,基本完好
剪力墙,294.0,0,14,0.927,49.07,3.66,3.51,41.76,47.55,0.290448,0.015659,0.000878,0.053914,0.00398,0.47034,8.39,0.216631,0.047034,0.597876,0.060303,1.150737042320495e-05,基本完好
剪力墙,402.16,0,16,1.91,49.5,6.0,2.9,30.6,30.6,0.719490962939,0.042922787229477316,0.002170534112085271,0.059657159631505204,0.034573855989432196,0.8771799088185734,3.6424710413644497,0.6157590373107803,0.07099462441357707,0.23093912154367155,0.026726964991615015,0.0008904347761360191,基本完好
框架,393.0,1,8,1.342,39.62,4.88,3.96,94.49,57.61,0.085353,0.005046,0.000457,0.05912,0.000411,0.1776,20.46,0.060741,0.016644,0.165861,0.025417,2.8344438749359304e-05,基本完好
框架,302.64,0,10,2.285,34.8,4.2,3.4,96.9,22.2,1.295069140995,0.2070635133017839,0.08412692455105275,0.15988606843237518,0.6515333749744164,8.411339815929113,23.317461499292776,1.406146549125542,0.6767708309398233,0.39623182389717204,1.0370529382415776,0.01529957143645604,严重破坏
砌体,550.11,0,3,0.119,9.0,3.0,3.0,4.6,3.0,1.65089938558608,0.08782618288826362,0.008088532331739489,0.05319899180717471,0.4466520853405044,5.384541104145754,10.72,2.337130900878735,0.7145024291843703,0.3049797619358183,2.624584948695482,0.0016636344289494888,中等破坏
框架,318.16,0,15,3.014,53.4,4.2,3.4,22.2,96.9,0.9513851811097813,0.06526152165522545,0.008367426473595275,0.06859631929425107,0.1619684773523814,3.447372577489095,12.56,1.414945295527348,0.6630453213440516,0.1763387603645269,0.3267243158123848,0.0012479705882352946,基本完好
砌体,220.2,0,3,0.119,9.0,3.0,3.0,4.6,3.0,0.0580158668138,0.0027797462450413323,0.00041324859334484376,0.0479135518902585,0.00048439658147415447,0.22604540231812256,19.46398401664196,0.05198032468578056,0.011830306026800005,0.011825140762015688,0.13144269125105357,9.672986073387578e-05,基本完好
框剪,367.54,0,10,2.097,40.2,5.4,3.9,23.4,23.4,0.7721656922748624,0.03919353160886859,0.003306074621543378,0.05075792929028132,0.05245687225205978,1.719830179211925,9.23,0.7942778028458524,0.336103006477099,0.09050507043370622,0.2486173789567453,0.0010881794871794872,基本完好
框架,642.83,0,10,2.285,34.8,4.2,3.4,96.9,22.2,0.3152876220935,0.0703195800845643,0.06444472602592936,0.22303311375703394,0.020732085105776097,1.1600698439600419,12.490625594095826,0.2765594478556611,0.1566333250946974,0.096571960967391,0.16963295315060606,0.002744997750055993,轻微破坏
砌体,275.12,0,3,0.119,9.0,3.0,3.0,4.6,3.0,0.7424010140562846,0.03902571884729819,0.003895631401578975,0.05256689862810382,0.0457284481800516,1.728658202585693,7.82,0.5563011788598761,0.3408191637441368,0.08450160286646839,0.775021309273502,0.00045195744412987763,轻微破坏
剪力墙,428.0,0,24,1.168,66.75,3.66,2.74,64.31,23.16,0.063409,0.006271,0.001871,0.098899,0.001162,0.419179,27.96,0.047847,0.024526,0.135037,0.051786,0.00010339990489776508,基本完好
框架,286.41,0,10,2.285,34.8,4.2,3.4,22.2,96.9,3.349712916780143,0.1621611717537552,0.01120681272276621,0.04841046853341391,0.5430891941543815,4.932062749086653,8.504999999999999,3.60155591397364,1.059281177227168,0.2377576617251999,0.8892466789509594,0.0026963235294117653,轻微破坏
框架,338.0,0,14,1.786,57.98,3.05,4.01,46.26,31.15,0.063262,0.003329,0.000336,0.052621,0.000986,0.448286,42.88,0.073099,0.013543,0.195757,0.01626,4.881769641495045e-06,基本完好
框剪,338.19,0,10,2.097,40.2,5.4,3.9,23.4,23.4,0.2247287010675,0.0070664680599483295,0.0003104530339908901,0.03144443956816103,0.004196649997889055,0.48534265799322296,8.700681169135486,0.16771173384405752,0.012518342987020497,0.05205906957779365,0.006265761217840917,0.0002762446233404688,基本完好
框剪,380.06,0,10,2.097,40.2,5.4,3.9,23.4,23.4,7.3821559159972,0.7767325672236446,0.1184123023235801,0.1052175781793579,4.714515274137829,16.73454822513954,8.205000000000002,7.233803553042977,3.983300691031213,0.7849595791603721,8.501624782416467,0.01606625641025641,倒塌
框剪,282.0,0,10,2.097,40.2,5.4,3.9,23.4,23.4,0.5979527134728597,0.04310431820904059,0.009029494460354812,0.07208649988172859,0.04535406179015826,2.23040283092722,22.805,0.7029180327212101,0.3477854099879855,0.08416025109402771,0.7807063142598525,0.0010029999999999998,基本完好
剪力墙,344.72,0,22,3.1,66.9,6.0,2.9,30.6,30.6,0.5039749299463445,0.1712186132123973,0.2326555956281326,0.3397363698837679,0.1122911364255529,4.070260244849384,27.715,0.6742215205851074,0.4961996906019034,0.1154276866415107,0.3405724779437889,0.007854620689655183,严重破坏
框剪,267.13,0,10,2.097,40.2,5.4,3.9,23.4,23.4,0.9961980728528536,0.07072101661451179,0.01389549460393186,0.0709909189163407,0.1872942966549955,4.234149008094246,16.13,1.051834701406921,0.7932005824743716,0.1828373322971389,0.9652666311623758,0.004843846153846152,中等破坏
砌体,192.71,0,2,0.112,6.375,3.125,3.25,10.125,9.125,0.8611796976684999,0.2725040755216668,0.1867219648108855,0.31643114237298675,0.4745496069262414,10.280069940405125,41.959578192558936,0.7419723882541445,0.9258803350207344,0.2520849430240309,1.0885014166308158,0.001490771827129492,中等破坏
剪力墙,259.9,0,16,1.91,49.5,6.0,2.9,30.6,30.6,1.232448271930946,0.1721008337403277,0.02580110869273596,0.1396414256565006,0.2067684129921721,4.041791544831149,11.96,0.8051707119105267,0.6403284584763639,0.1796970600765417,0.7104334471395861,0.002393758620689658,中等破坏
框剪,367.54,0,10,2.097,40.2,5.4,3.9,23.4,23.4,0.500165782823078,0.06837131581322416,0.04622031334607331,0.1366973074953608,0.0961614811012269,3.590968029728734,24.8,0.4158930387546329,0.6413215548613663,0.116832423194134,1.237520661101816,0.007340948717948721,严重破坏
砌体,511.83,0,2,0.112,6.375,3.125,3.25,10.125,9.125,0.7372714981204999,0.06564334734344258,0.010371268764964177,0.0890355147469892,0.060950385530824616,1.901632243940327,9.580219891592996,0.6028352244812318,0.2554480929093182,0.18906979085574685,1.0015341807425324,0.0007193978554415976,轻微破坏
砌体,279.97,0,3,0.119,9.0,3.0,3.0,4.6,3.0,0.5132376982282871,0.0284580985182711,0.009976415609721142,0.05544818437248348,0.03968006716320734,1.975785587320023,17.49,0.5407279224727554,0.216902775687513,0.07886805049398823,0.7819242507573085,0.0003110376663710837,基本完好
剪力墙,270.0,0,1,0.156,4.57,4.57,4.57,9.14,14.63,0.202078,0.012082,0.001776,0.059789,0.005687,0.672601,15.46,0.165732,0.054465,0.473383,0.70672,2.0568927789934378e-05,基本完好
框架,354.37,0,15,3.014,53.4,4.2,3.4,96.9,22.2,0.2633877808360326,0.03484062550434872,0.03136021329260085,0.1322788224790053,0.01794354561361748,1.577628384427987,30.14,0.1535212452959119,0.2366550038439919,0.0529297203865105,0.1704922709189572,0.0018411470588235292,轻微破坏
砌体,1022.77,0,2,0.112,6.375,3.125,3.25,10.125,9.125,0.3321401539855,0.06613739410025611,0.048665509866105836,0.19912495766213026,0.03469166961389539,2.1899830895838646,19.209837614808606,0.2396893747129754,0.24456945486143755,0.10073314841006532,0.3899141077479146,0.0003018881319096785,基本完好
剪力墙,264.0,0,6,0.398,15.88,2.74,2.62,53.15,17.89,0.520805,0.046046,0.005744,0.088413,0.020711,1.220064,11.22,0.25027,0.18422,0.732233,0.942743,0.00030433145009416205,基本完好
砌体,232.44,0,2,0.112,6.375,3.125,3.25,10.125,9.125,0.6200105445036239,0.05708950797142336,0.0168656403176065,0.0920782855671089,0.07723468800950185,3.161431876416966,23.59,0.5687699225844977,0.5398479008815305,0.08966879477307824,0.8442851859183663,0.0005322504136923792,轻微破坏
框架,303.47,0,10,2.285,34.8,4.2,3.4,22.2,96.9,1.84062488852117,0.1225947275698983,0.02846967063495649,0.06660494940302349,0.1615666797080538,2.82838143839282,14.22,1.324591858326976,0.6519776549550121,0.1590145291678483,0.4187863916189282,0.004139470588235294,中等破坏
砌体,370.94,0,3,0.119,9.0,3.0,3.0,4.6,3.0,2.053709588038181,0.1367491007425023,0.02943219138449043,0.0665863866726808,0.363473837029239,5.409837943022936,16.65,2.634140542713989,0.8876137227289853,0.2382364980772994,4.35938808777372,0.001340154777236394,中等破坏
剪力墙,433.0,1,6,0.611,28.14,3.12,3.51,35.66,38.1,0.126816,0.020082,0.011526,0.158353,0.006702,1.235331,39.74,0.101393,0.080089,0.281864,0.306103,0.00015089558759283532,基本完好
框架,390.0,1,5,0.88,22.56,4.27,4.62,127.68,33.92,0.068089,0.002855,0.000211,0.041931,0.000849,0.270346,14.64,0.06878,0.011149,0.183509,0.052163,2.0345744680851064e-05,基本完好
剪力墙,257.21,0,16,1.91,49.5,6.0,2.9,30.6,30.6,0.9635120904184998,0.03617969742018659,0.0029924731778938948,0.03754981154878088,0.08550311793171014,2.397377478478823,14.636561983537533,0.7901093086264751,0.1016421045053316,0.18117283982481613,0.09747576795158665,0.001730095143550913,轻微破坏
框架,623.52,0,15,3.014,53.4,4.2,3.4,22.2,96.9,0.4793116804282201,0.0829843699053947,0.02196681971485999,0.1731323756417869,0.0641501533542839,2.480708986558736,16.89,0.3478191470230819,0.345530034171631,0.1000916308797282,0.668472741874375,0.001438558823529412,基本完好
框架,621.2,0,10,2.285,34.8,4.2,3.4,96.9,22.2,0.8953578342484999,0.021553844558197418,0.0031608533361156483,0.02407288319120834,0.014820582280854618,0.47234149090644145,2.730662978484405,0.2895775730653655,0.054530032555382496,0.17463055579907913,0.027884710443717275,0.0009459424002316772,基本完好
剪力墙,517.0,0,4,0.386,15.24,3.81,3.81,21.03,99.49,0.100922,0.004208,0.00032,0.041694,0.000711,0.175887,4.425,0.09739,0.015477,0.268137,0.221916,2.3622047244094486e-05,基本完好
框架,379.32,0,10,2.285,34.8,4.2,3.4,96.9,22.2,1.4392219926699998,0.19142059707996914,0.09218421515044294,0.1330028293445208,0.35025377677622566,6.6539057606294465,14.555154028741876,1.0777744831670102,0.7431230358499676,0.3677093428192135,0.7063026149498695,0.01122709115472712,严重破坏
框架,304.0,0,5,0.844,21.34,4.88,3.96,55.17,53.04,0.78391,0.14937,0.07943,0.190545,0.274148,7.862663,34.96,0.653133,0.554111,1.824923,1.932925,0.0005497435897435887,基本完好
剪力墙,341.56,0,22,3.1,66.9,6.0,2.9,30.6,30.6,0.08861798885799999,0.03371511498176967,0.027913624690408572,0.3804545264031462,0.010084614927673477,2.4474296091317185,88.17143453300515,0.0643845658920025,0.13206745955308077,0.02535054850249268,0.1892583176250579,0.002544793625624442,中等破坏
框剪,402.16,0,10,2.097,40.2,5.4,3.9,23.4,23.4,0.8799060644415071,0.04021311884798061,0.006736654036678103,0.04570160437921817,0.06364195871426384,2.002677293577385,10.95,0.881184007493502,0.4252602427843082,0.1069547758847049,0.5350439539558679,0.001991794871794872,轻微破坏
砌体,334.69,0,3,0.119,9.0,3.0,3.0,4.6,3.0,0.465248090736037,0.1238286245879507,0.106122864033898,0.266156115529781,0.096582535083652,3.697562509025829,25.315,0.4734970455772008,0.4280714254532157,0.1121169096241283,0.4366294164662417,0.00032911848754684696,基本完好
框剪,501.75,0,10,2.097,40.2,5.4,3.9,23.4,23.4,0.1293505960985,0.004304874070306674,0.0003508473818051339,0.03328066665443527,0.0018591659773524462,0.3983594053569417,14.019955891909095,0.08874734689573699,0.011480583122142443,0.027296528111318264,0.004838151896438434,0.000248699255593374,基本完好
框架,286.0,1,6,0.957,25.23,2.74,3.65,45.6,53.2,0.168836,0.003328,0.000322,0.019709,0.00083,0.175275,5.64,0.064488,0.01221,0.201168,0.026215,2.3758865248226954e-05,基本完好
框架,579.23,0,10,2.285,34.8,4.2,3.4,96.9,22.2,0.12099219217049999,0.005232358926880662,0.0009667719946258483,0.043245426279303355,0.002106925936280654,0.4942705709077725,21.943230174349786,0.12022360711292465,0.012223415498188218,0.023227154531114885,0.004484657925617821,0.0004426663807940629,基本完好
剪力墙,452.15,0,22,3.1,66.9,6.0,2.9,30.6,30.6,0.26204790764249997,0.04807432492319417,0.027093462841744406,0.1834562441489889,0.016119846495506546,1.669694890762341,32.94152733862671,0.18312191348247636,0.15528465353976975,0.05243608263389978,0.09469821880075048,0.002243994762819099,中等破坏
框架,426.0,2,7,1.454,44.08,5.17,4.86,92.42,96.37,0.261675,0.008809,0.000558,0.033664,0.001404,0.163489,1.7,0.153353,0.029468,0.436114,0.012072,1.2159999999999992e-05,基本完好
框架,305.85,0,15,3.014,53.4,4.2,3.4,22.2,96.9,7.7450764237,1.253031449214404,1.0868949627920907,0.1617842588847951,7.663575711969585,34.320503206153006,28.55144314723874,3.740421050323353,3.655369326744165,1.228070637608645,3.3535402602028475,0.03021129241799131,倒塌
框架,286.0,0,5,0.796,19.74,4.88,3.7,62.96,51.4,0.09838,0.004436,0.000274,0.045091,0.000984,0.301246,15.89,0.069229,0.015498,0.191859,0.061265,2.7868852459016406e-05,基本完好
砌体,525.79,0,3,0.119,9.0,3.0,3.0,4.6,3.0,0.4474455678875,0.07550119273083136,0.08614504838121688,0.16873827376878703,0.0450004095015594,2.2221424548969013,18.74940229449119,0.3614664570412829,0.31158833555673143,0.1161277932015046,0.530926578984044,0.0003331591951310268,基本完好
框剪,1530.0,1,4,0.583,20.73,4.27,4.11,83.76,44.09,0.041134,0.002609,0.00024,0.063431,0.000104,0.093779,13.55,0.030091,0.007492,0.087025,0.052356,8.200675349734685e-06,基本完好
剪力墙,292.0,0,1,0.164,4.88,4.88,4.88,39.62,39.62,0.23308,0.013124,0.0023,0.056307,0.005961,0.67647,14.46,0.202416,0.058374,0.558947,0.946761,4.713114754098364e-05,基本完好
剪力墙,269.14,0,16,1.91,49.5,6.0,2.9,30.6,30.6,0.35822819658149996,0.01903139793812424,0.0017939756626954792,0.05312646553157196,0.012541177951537938,0.7892716171019247,12.454192231379778,0.38432191056366904,0.06459155161953607,0.07521994936225383,0.06728690940553661,0.0008095686214195135,基本完好
框剪,316.19,0,10,2.097,40.2,5.4,3.9,23.4,23.4,4.387396308250175,0.368049671651332,0.07950121890145512,0.08388794761012171,1.938361907839549,9.297059728143608,6.17,4.660911994664819,2.448556190001544,0.5501601756949187,2.343725053861307,0.017678256410256405,倒塌
框架,212.48,0,10,2.285,34.8,4.2,3.4,96.9,22.2,0.10237495361099999,0.03235576185983436,0.02088599089827079,0.3160515411101275,0.006092722196778163,1.3459369788916744,55.24696368312168,0.07196169280381041,0.09746356751732779,0.0248927647570732,0.19210609326506628,0.001760324590248755,基本完好
砌体,510.62,0,3,0.119,9.0,3.0,3.0,4.6,3.0,0.748532964648,0.15093138987476143,0.07444126455254635,0.2016362632014976,0.16313914179076092,5.275583949241119,28.548580849944514,0.6663742851431691,0.6418821508378185,0.179187816954552,0.8906685251217565,0.0006487010476662758,轻微破坏
剪力墙,340.0,0,13,0.714,34.66,3.05,2.68,19.76,60.19,0.208755,0.00758,0.000674,0.036308,0.002023,0.32582,5.48,0.1448,0.025407,0.390616,0.077995,2.1877848678213245e-06,基本完好
框剪,418.97,0,10,2.097,40.2,5.4,3.9,23.4,23.4,0.74550502699856,0.02511804340967026,0.001794970508047781,0.03369265464351964,0.01690535010266648,0.6014990473165792,4.345,0.5455567962801511,0.1051623018520897,0.09379852949122425,0.080522058007004,0.00023465384615384616,基本完好
剪力墙,352.05,0,16,1.91,49.5,6.0,2.9,30.6,30.6,0.186314974286,0.010626314272889846,0.0020282186413184463,0.05703413970676389,0.006841578663837089,1.1447375218537985,29.653778004099962,0.18141810750469023,0.04343035056796139,0.03600475005524337,0.037638126489109316,0.000812465584663193,基本完好
剪力墙,316.46,0,10,0.91,32.1,6.0,2.9,30.6,30.6,0.4142574527046614,0.08627414800533804,0.04741656701189413,0.2082621506072116,0.1015478962968906,4.404406504758994,33.54000000000001,0.5489495951809535,0.4514487308770375,0.0951833560335059,1.796092011507235,0.0017688965517241384,轻微破坏
框架,390.0,1,5,0.88,22.56,4.27,4.62,127.68,33.92,0.077872,0.006133,0.001111,0.078757,0.001734,0.559969,31.78,0.061976,0.040921,0.166618,0.181259,8.949468085106384e-05,基本完好
框架,207.99,0,15,3.014,53.4,4.2,3.4,22.2,96.9,0.964380469276,0.19113110315422513,0.14589183243782855,0.19819055781761644,0.19291736890589578,5.976276448590661,29.778298143624504,0.6052860287468556,0.6666937545864493,0.1907907794153993,0.5494151361284992,0.008049065506174962,中等破坏
框剪,537.16,0,10,2.097,40.2,5.4,3.9,23.4,23.4,2.960996316663111,0.1412385471894831,0.0139284407524372,0.04769967000453808,0.4342085211793275,4.163936927711303,5.460000000000001,2.012932571388541,1.156217836017883,0.2603716789765511,1.837958072255096,0.002573141025641026,中等破坏
框架,561.43,0,15,3.014,53.4,4.2,3.4,22.2,96.9,1.48973323816306,0.1575711360063427,0.05774996108924517,0.1057713770289763,0.4295835637566131,5.985191546362221,15.71,2.115586885163118,1.030401141111688,0.258997484492737,0.7184850479262279,0.007846147058823529,中等破坏
砌体,347.62,0,2,0.112,6.375,3.125,3.25,10.125,9.125,1.347093419245,0.11068225707037269,0.026944173458717222,0.0821637575309412,0.25104724851735244,4.081212382106171,11.350911543840429,1.35900903744119,0.36502359603725393,0.3525202076586627,3.005631009038708,0.002179573479210639,严重破坏
砌体,257.21,0,3,0.119,9.0,3.0,3.0,4.6,3.0,0.6757082914154999,0.03282701601246832,0.0024948325679575887,0.04858163859984759,0.04387282204988219,1.411690337028287,12.639565537789728,0.6428702846170578,0.08146608645150122,0.139653995777401,0.9461222279440169,0.0004331524085694222,轻微破坏
框架,287.0,0,2,0.491,10.36,5.18,5.18,87.78,63.4,0.45368,0.020057,0.001421,0.04421,0.014143,0.920844,10.325,0.296749,0.05804,0.821918,0.237701,0.00019848484848484854,基本完好
框剪,480.32,0,10,2.097,40.2,5.4,3.9,23.4,23.4,1.431469887733547,0.07693450035471462,0.004691126494238452,0.05374510565257182,0.0591759216745097,0.9703124653486541,2.04,1.284230664748011,0.2705254164197303,0.1879219334399332,0.1871772402800694,0.0009286410256410257,基本完好
框剪,276.11,0,10,2.097,40.2,5.4,3.9,23.4,23.4,0.30636739518699996,0.11152552312905387,0.09761333535764152,0.3640254311689438,0.1048961333628931,6.934115602623339,74.6110979579758,0.1737310054587148,0.4003380035145623,0.08887910616128804,0.7142973872636285,0.006322983459530309,严重破坏
框架,452.15,0,10,2.285,34.8,4.2,3.4,96.9,22.2,0.2318502282455814,0.03330053865493635,0.009499994679031567,0.1436295271603684,0.01767596822163845,1.761963567678644,34.74,0.2442427038462252,0.2387399914003564,0.04288983392438379,0.2644133199897657,0.004611911764705883,中等破坏
砌体,306.76,0,3,0.119,9.0,3.0,3.0,4.6,3.0,0.527629935812,0.0340518430867354,0.0055722223373422305,0.06453735994780331,0.01015388592821783,0.8921870289324608,16.943407958825702,0.29056974581535594,0.10944615260896437,0.058027974315479514,0.9417270915509983,0.0002955225910156809,基本完好
框架,268.37,0,10,2.285,34.8,4.2,3.4,22.2,96.9,1.543303199058756,0.265149582105021,0.05556834761777037,0.1718065395488928,0.223530071669592,2.950913717351032,6.800000000000001,0.6444262083022742,1.247864315710344,0.2684588877666242,2.099194210255986,0.009192147058823529,中等破坏
框架,284.0,0,7,0.8,19.88,4.11,2.57,48.77,6.35,0.526032,0.027048,0.00391,0.05142,0.023625,1.888183,29.39,0.389756,0.111955,1.053928,0.394388,8.813160987074034e-05,基本完好
框架,294.0,0,6,0.955,25.15,4.57,4.57,77.57,30.48,0.439906,0.009192,0.000385,0.020894,0.004522,0.378224,3.41,0.139697,0.02549,0.443952,0.031446,1.8221574344023371e-06,基本完好
框架,535.24,0,15,3.014,53.4,4.2,3.4,96.9,22.2,4.086541743504466,0.1189113105199409,0.005454388991163754,0.02909827379322619,0.3463292653064106,1.53505175655926,0.76,3.57685962879353,0.3540606048063771,0.57552293688626,0.04982988231002638,0.0015680294117647055,基本完好
剪力墙,431.0,0,10,0.589,26.82,3.05,2.64,65.66,22.96,0.123177,0.003389,0.000151,0.027514,0.000856,0.218739,9.95,0.060707,0.009439,0.184088,0.046848,1.2116402116402117e-05,基本完好
砌体,330.74,0,3,0.119,9.0,3.0,3.0,4.6,3.0,0.4637456439998239,0.03774837387410641,0.006537639031068527,0.08139887535875323,0.06287495113082096,2.995569285954249,24.46,0.3159179115283151,0.4275662242698601,0.08088451783439857,0.5672433475995283,0.0003471468295427103,基本完好
框架,311.34,0,15,3.014,53.4,4.2,3.4,22.2,96.9,0.196314619158,0.07913590320118864,0.09846806949103436,0.4031075400324499,0.02861105711167961,2.5436217411090514,42.75709388164184,0.16462422992081444,0.19310934799630727,0.06131751082785154,0.2042496367196254,0.003801987197274381,轻微破坏
框剪,268.37,0,10,2.097,40.2,5.4,3.9,23.4,23.4,1.170775807296655,0.2836394300533283,0.1058082865319637,0.2422662206424111,0.4235207410289193,6.625641467917713,17.16,0.9438994053642186,1.487347900188655,0.2641056816805839,2.662169826368422,0.0120834358974359,倒塌
框剪,475.1,0,10,2.097,40.2,5.4,3.9,23.4,23.4,0.357815437282037,0.03672852323926444,0.006000222457464026,0.1026465585673273,0.01769138300987147,1.093870431943942,12.55868,0.3899027850166419,0.1525148164689211,0.06969570359775343,0.2086035812524836,0.001333307692307692,轻微破坏
剪力墙,544.74,0,10,0.91,32.1,6.0,2.9,30.6,30.6,2.834705345675,0.3524576577963019,0.11112855951766484,0.124336611681372,0.7965163163548167,10.670529372099057,32.27389663121653,2.0445845332639188,1.1669935943232028,0.37238595310430245,4.178714545220132,0.005893202490129254,严重破坏
框架,337.0,0,15,3.014,53.4,4.2,3.4,22.2,96.9,1.830345352324635,0.08279470970485572,0.01712617364267131,0.04523447424809864,0.2300143607157739,3.639229058528517,11.375,1.937166539082094,0.6603060249010115,0.2019132961235082,0.2647554583236726,0.0031154411764705886,轻微破坏
框架,389.0,1,3,0.699,16.61,5.18,5.78,64.15,63.22,0.196495,0.011468,0.001162,0.058363,0.003038,0.501081,13.19,0.138918,0.042897,0.387435,0.360457,6.311926605504588e-05,基本完好
剪力墙,297.0,0,16,1.91,49.5,6.0,2.9,30.6,30.6,0.15726453885799999,0.03666232102071195,0.04138485127446132,0.23312516150774287,0.012641804789542082,1.6166828061901892,41.866781683787885,0.16538116914115986,0.09671354300326478,0.04118996330056749,0.1308915881121314,0.0019490388013132,轻微破坏
框剪,359.13,0,10,2.097,40.2,5.4,3.9,23.4,23.4,2.342935190785,0.3312761061822519,0.11368170870380624,0.14139362773891237,1.7080534195450825,15.341707791190633,24.11122547261685,2.526923873166227,1.3146360541784472,0.6309032090506347,1.9105810294186256,0.01231191056625124,倒塌
框剪,508.61,0,10,2.097,40.2,5.4,3.9,23.4,23.4,0.8438907698514999,0.2105898966636992,0.11047884686811948,0.24954639176911114,0.33581778518142247,7.272793146481234,23.492772785085968,0.7014605107628334,0.974408945693688,0.28340425167893046,1.7658492313399878,0.00989047706824553,严重破坏
剪力墙,258.0,1,6,0.573,25.86,3.86,3.56,28.04,66.45,0.094145,0.005962,0.00081,0.063327,0.001121,0.401629,24.565,0.062246,0.02483,0.174777,0.195726,4.953764861294584e-05,基本完好
框剪,264.0,5,18,1.503,73.32,2.61,4.26,37.41,67.79,0.034382,0.003091,0.000661,0.089911,0.000421,0.302458,32.46,0.02931,0.021153,0.084977,0.035774,3.061907417735638e-05,基本完好
框剪,339.52,0,10,2.097,40.2,5.4,3.9,23.4,23.4,0.3335155836254103,0.1159413929288253,0.09281946542229122,0.3476341095324812,0.05461296959198632,3.024288869917849,28.72,0.3472306950230881,0.3737887314855666,0.08146727419698598,0.2409804446575211,0.0065457692307692335,严重破坏
剪力墙,257.38,0,16,1.91,49.5,6.0,2.9,30.6,30.6,5.642907838143405,0.3745278201181551,0.07382304749940545,0.0663714224759304,0.7989673127827193,4.415898138561778,3.805000000000001,4.160903842238577,1.536263686803826,0.4791364925019889,2.631623138469653,0.006184793103448273,严重破坏
框剪,329.45,0,10,2.097,40.2,5.4,3.9,23.4,23.4,0.14898164613499998,0.020953271288604382,0.021253684374421457,0.14064330628765867,0.008077955009784876,1.246474445935441,39.74847293809796,0.13200514642312547,0.08115352624961275,0.03379186369664888,0.1265898498076772,0.001452407627139442,轻微破坏
剪力墙,474.15,0,16,1.91,49.5,6.0,2.9,30.6,30.6,2.133471909593837,0.1707091095645337,0.03353767219344738,0.08001469754388879,0.3109731255134522,3.621475402426999,7.865,2.320007395901313,0.7311125573311945,0.334762437273353,1.002371401538311,0.003575689655172414,中等破坏
剪力墙,350.06,0,16,1.91,49.5,6.0,2.9,30.6,30.6,1.5710871118949998,0.5382403530287106,0.738648893634591,0.3425910307287167,1.2412383427163194,14.185900183793624,24.255369472959693,1.7450373241362096,1.0525122511465081,0.5362228272489613,1.5169333793654685,0.01007476436804273,倒塌
框架,285.28,0,10,2.285,34.8,4.2,3.4,96.9,22.2,2.471329975076189,0.2510143880644392,0.03077110450070025,0.101570567506551,0.7398282108495999,6.719836741313381,11.15,2.612425657747414,1.546990092165017,0.3925109493481482,1.23377219450344,0.006402970588235295,中等破坏
框架,256.0,0,15,3.014,53.4,4.2,3.4,22.2,96.9,6.057672636154999,1.2063517655716887,0.3993082090416492,0.19914443021757597,8.693651035170587,24.46514145718137,11.326163058372684,5.287601741888232,5.843549839301819,2.0767362844931063,2.308710775854911,0.03033137402378606,倒塌
剪力墙,267.35,0,22,3.1,66.9,6.0,2.9,30.6,30.6,1.30736529415806,0.102752802753996,0.02158109404399456,0.07859532696266698,0.3458940864475725,5.971289263034135,20.4,1.807286223188317,1.111287607257131,0.2471667317277787,0.3904443190527764,0.0048214137931034485,严重破坏
剪力墙,450.61,0,10,0.91,32.1,6.0,2.9,30.6,30.6,0.9280059974322497,0.1143610362453702,0.0345923913338136,0.1232330788397941,0.1196473561468254,3.227879162426828,14.05,0.7871838045405528,0.6088169225967196,0.1116057813250624,2.055109487900547,0.0025746896551724157,中等破坏
剪力墙,191.06,0,10,0.91,32.1,6.0,2.9,30.6,30.6,1.940382014935,0.13924278975789253,0.04074759752997026,0.07176050318244007,0.6590984563338853,6.495954730801399,10.288395351578362,2.0255783462013683,0.5547463989875745,0.599960942885279,1.8163832176761827,0.003409910159549254,中等破坏
框剪,463.59,0,10,2.097,40.2,5.4,3.9,23.4,23.4,0.42665968674699994,0.06588644478239318,0.05734014794357578,0.15442388120784056,0.11129523671190542,5.623361448586181,44.58816915404601,0.39331182779108487,0.359697582124596,0.11842683499122168,0.521632185259929,0.005449791456500344,严重破坏
框剪,362.64,0,10,2.097,40.2,5.4,3.9,23.4,23.4,0.161190729252,0.006209445230940008,0.0007646799307272126,0.03852234715826849,0.00228923235773502,0.42753806018431967,9.944099656364338,0.1316995844198453,0.019184608447815877,0.035965314135246264,0.015487617586735192,0.0002691094706639842,基本完好
剪力墙,459.34,0,16,1.91,49.5,6.0,2.9,30.6,30.6,2.231368856395,0.5979926913801604,0.651565773000893,0.26799365316332213,2.003459745066953,18.97245012501179,32.374158955343304,1.6915830563581091,1.7565205312406058,0.5896750017026896,4.145031305388982,0.01228500941680321,倒塌
框剪,665.2,0,10,2.097,40.2,5.4,3.9,23.4,23.4,0.9878934817149999,0.16715750004364732,0.06776478059987384,0.16920599552237053,0.3853136023784909,8.022511027774243,31.40047336776839,0.9737590086885666,0.6660270558076443,0.26257944545110995,0.7106159830672364,0.008423551592436644,严重破坏
砌体,573.04,0,2,0.112,6.375,3.125,3.25,10.125,9.125,1.15833403938,0.18875524087912118,0.20591966478188573,0.16295406546124874,0.29092183983174397,6.631973065088845,23.504211358039953,0.863352003302098,0.6550605836088246,0.2637163005822862,1.2542103605305717,0.001267760511347457,中等破坏
框架,365.0,0,6,0.915,23.77,4.72,3.81,60.96,27.43,1.255645,0.028648,0.001248,0.022816,0.017896,0.446349,1.22,0.478909,0.081242,1.383203,0.068093,9.164086687306497e-06,基本完好
剪力墙,445.66,0,16,1.91,49.5,6.0,2.9,30.6,30.6,0.5508945087496648,0.02639805861258752,0.007418289371502528,0.04791853647715921,0.0249327312345883,1.355531723600488,15.18,0.3530259573127147,0.2291902721817872,0.08005147978762683,0.2790978182422696,0.0007694827586206901,基本完好
框架,511.83,0,15,3.014,53.4,4.2,3.4,22.2,96.9,0.7372714981204999,0.06564334734344258,0.010371268764964177,0.0890355147469892,0.060950385530824616,1.901632243940327,9.580219891592996,0.6028352244812318,0.2554480929093182,0.18906979085574685,0.06956353218405045,0.002177057101856882,轻微破坏
框剪,359.23,0,10,2.097,40.2,5.4,3.9,23.4,23.4,0.7863847400040154,0.02038983257002935,0.0008965125495884342,0.02592857100701781,0.07463754532298454,2.157196443989238,11.485,1.105649276479061,0.1667126377246038,0.1520575453324242,0.06619515023248984,0.0004326155102564103,基本完好
剪力墙,316.64,0,10,0.91,32.1,6.0,2.9,30.6,30.6,0.4226256250927309,0.03184247333369217,0.01214418590485393,0.07534439807502306,0.03041056749759485,1.325130664102799,10.805,0.7164850979887769,0.2328071092196941,0.1005498305783853,0.6770106982476545,0.0012158965517241368,轻微破坏
框架,229.0,0,1,0.233,3.83,3.83,3.83,33.38,24.67,0.089221,0.003639,0.000667,0.040788,0.000833,0.361005,40.83,0.048555,0.016661,0.141292,0.101799,3.733681462140995e-05,基本完好
剪力墙,220.2,0,22,3.1,66.9,6.0,2.9,30.6,30.6,0.1265188278445,0.006630557485393094,0.000797603138145596,0.05240767400676908,0.0009538353474227793,0.28071207274400106,12.629899818728353,0.08372179994012804,0.020268705481645045,0.020599581977420282,0.006032231429259309,0.0005602276607916237,基本完好
框剪,573.04,0,10,2.097,40.2,5.4,3.9,23.4,23.4,0.532361644437,0.09050563828111757,0.090073153678724,0.17000781184533303,0.10810978490966892,4.590630374231879,34.561692535918915,0.4503239376007572,0.41271039350079575,0.13257347938295685,0.5990252035896879,0.005271691752150468,严重破坏
剪力墙,196.25,0,10,0.91,32.1,6.0,2.9,30.6,30.6,0.9535541243828088,0.07435032135494372,0.009909496706627675,0.07797178938643595,0.04673158450503191,1.029846451812113,4.965,0.7966725625086851,0.3838139961339774,0.164008213982954,0.6612052253053886,0.001291172413793104,轻微破坏
框架,520.19,0,15,3.014,53.4,4.2,3.4,22.2,96.9,1.162426354425,0.04327467278433394,0.0031587606680646336,0.037227883400613344,0.08032810819428488,1.6282481915236433,5.531332779971139,1.0090482145613762,0.12162136613598544,0.2856541446149529,0.015223447651903664,0.001954793666707639,轻微破坏
剪力墙,271.0,1,4,0.535,23.57,3.35,5.03,22.71,21.49,0.05072,0.004596,0.001247,0.090612,0.000465,0.232831,19.995,0.043549,0.021011,0.120358,0.060145,4.110898661567884e-06,基本完好
框架,286.41,0,15,3.014,53.4,4.2,3.4,96.9,22.2,3.349712916780143,0.1621611717537552,0.01120681272276621,0.04841046853341391,0.5430891941543815,4.932062749086653,8.504999999999999,3.60155591397364,1.059281177227168,0.2377576617251999,0.8892466789509594,0.0026963235294117653,轻微破坏
剪力墙,1428.14,0,16,1.91,49.5,6.0,2.9,30.6,30.6,4.073854274595524,0.3363944046450197,0.0802955891495376,0.08257399061688797,1.064466998417352,6.647501441132359,6.550000000000001,4.410499231645816,1.309765210930731,0.4077227779916586,1.411057574100793,0.0019461379310344818,轻微破坏
砌体,199.48,0,2,0.112,6.375,3.125,3.25,10.125,9.125,1.465806840155,0.21320841603452528,0.11080843705946924,0.14545464667908073,0.5982002080296288,11.340050140474053,33.6687152559194,1.2098645655636904,0.9714461174986047,0.3159596772264083,1.545694718452335,0.001953513744251711,中等破坏
框剪,436.53,0,10,2.097,40.2,5.4,3.9,23.4,23.4,0.4389536482437371,0.02289688427602242,0.002793912156483102,0.052162419352552,0.02157698096888138,1.294438716259483,16.395,0.528848432444335,0.2411565425267163,0.06558799646799204,0.329011842111167,0.0005210000000000003,基本完好
框架,680.37,0,15,3.014,53.4,4.2,3.4,96.9,22.2,0.8652157039612612,0.0225008786523445,0.0007730689791104553,0.02600609137042656,0.03263418892211073,0.8349466967862786,3.415,0.998098299335735,0.0766346546274656,0.1292501646401862,0.006763105462964756,0.00043423529411764706,基本完好
剪力墙,268.0,0,6,0.448,18.59,3.35,3.05,82.3,69.04,0.577562,0.041414,0.004418,0.071706,0.018304,1.315782,19.85,0.427052,0.15165,1.226802,1.783107,0.0002118518518518519,基本完好
框剪,659.09,0,10,2.097,40.2,5.4,3.9,23.4,23.4,0.4891121820057639,0.03700167333920144,0.04131909990309988,0.07565068853420094,0.07417552008149549,3.493253225005226,29.86,0.2791786860169005,0.2137646240114377,0.09177738729115846,0.2059085580501391,0.002260538461538461,轻微破坏
框剪,523.0,0,10,2.097,40.2,5.4,3.9,23.4,23.4,2.06021437461,0.13948828351436027,0.142336120200892,0.0677057131691771,0.2887783273966563,4.105071036670038,11.052876226313249,1.3169694504048846,0.35570311856722486,0.38314776713786264,0.37969696202737985,0.00433707592496515,中等破坏
剪力墙,337.0,0,5,0.354,13.58,3.05,2.64,111.26,16.62,0.060324,0.002759,0.00029,0.045738,0.000337,0.180521,17.6,0.046146,0.009228,0.12638,0.137783,3.278688524590155e-06,基本完好
框剪,273.0,1,10,1.023,43.89,5.18,3.66,42.98,57.91,0.115544,0.003851,0.000384,0.033328,0.000672,0.221625,14.435,0.07805,0.015727,0.215576,0.066559,5.991440798858769e-06,基本完好
框架,418.0,3,13,1.668,52.93,3.42,4.16,106.5,37.01,0.062586,0.002132,0.00014,0.034067,0.000186,0.094536,7.485,0.04091,0.007481,0.112789,0.003437,9.746588693957115e-07,基本完好
剪力墙,543.63,0,16,1.91,49.5,6.0,2.9,30.6,30.6,0.7933625139256715,0.07309619860492424,0.03738657039676644,0.09213467654683326,0.1845848944157004,4.171301421610073,17.605,1.098145026259016,0.7042301102232381,0.201595694382109,1.01456927499635,0.00233486206896552,中等破坏
框剪,468.44,0,10,2.097,40.2,5.4,3.9,23.4,23.4,0.178319808674,0.06797113370390616,0.07368577111210131,0.3811754521796811,0.009623820705291391,1.477602261942728,37.322366862810505,0.14627291937646328,0.11866418103648338,0.03806368467352407,0.13129964391152504,0.002355721324927518,轻微破坏
框剪,242.05,0,10,2.097,40.2,5.4,3.9,23.4,23.4,0.9512902586565,0.115540987710274,0.02240324459259857,0.12145713325547101,0.31725220751731154,7.147422187689701,28.838823300698675,1.0000536899153416,0.45586376107996857,0.2486195135144456,0.5144086385261359,0.005204766823998703,严重破坏
框架,316.64,0,15,3.014,53.4,4.2,3.4,22.2,96.9,4.659566873809045,0.411833656302935,0.0779185216566573,0.088384536042998,2.12154756812567,12.02963908229389,13.69,2.971158526767273,2.482988272107424,0.7708122655411309,2.319825863229771,0.013122499999999997,严重破坏
剪力墙,567.0,0,8,0.52,22.71,3.66,2.74,64.62,22.56,0.072786,0.005237,0.000398,0.071948,0.00038,0.153877,9.98,0.052074,0.017602,0.150243,0.172945,1.3755656108597285e-05,基本完好
剪力墙,196.88,0,10,0.91,32.1,6.0,2.9,30.6,30.6,1.421650932492259,0.2148900293783095,0.1733037672523366,0.1511552691782021,0.3988440053977086,6.476038407441297,19.625,1.805531953594979,0.9159024105675893,0.2524959393909524,3.18283294352499,0.0035048275862068962,中等破坏
框架,193.67,0,15,3.014,53.4,4.2,3.4,96.9,22.2,0.7460959075788909,0.2223785412578715,0.1972905036708719,0.29805624048991,0.1274134128753003,3.998118548662189,24.685,0.6392244322347242,0.398233421547057,0.1410432035608369,0.3236797600202732,0.011181676470588231,严重破坏
框架,391.01,0,15,3.014,53.4,4.2,3.4,22.2,96.9,0.6673602454694735,0.09249997892831259,0.05908635408140704,0.1386057673591882,0.08805192956733743,2.91566943630657,17.475,0.7806157470345579,0.4433519677403166,0.1362202082994916,0.5088096042321748,0.002720323529411765,轻微破坏
框剪,478.63,0,10,2.097,40.2,5.4,3.9,23.4,23.4,5.488879553833369,0.1525798525481015,0.00951099027162912,0.02779799612136534,0.6243570939983007,2.754794711799646,1.17,4.494034247379152,0.7123881233607368,0.6294968214102928,0.4321736676840218,0.0025692820512820515,中等破坏
剪力墙,277.98,0,22,3.1,66.9,6.0,2.9,30.6,30.6,2.508083434214389,0.2102705413594008,0.06669031508246769,0.08383713974222878,1.178286239552404,10.06129833723127,13.18,2.165038879330655,1.732293451999801,0.4289137890300497,1.488920677550833,0.011253827586206896,倒塌
剪力墙,315.06,0,16,1.91,49.5,6.0,2.9,30.6,30.6,2.175339904338316,0.1074868107202102,0.03616210162005316,0.04941150139610251,0.4874245043905785,4.608613778042266,6.345,3.386123020003179,0.8444259907070958,0.3097859322598843,1.086752205849558,0.0017627931034482783,轻微破坏
框剪,328.09,0,10,2.097,40.2,5.4,3.9,23.4,23.4,0.798491854377444,0.05549205100363189,0.01364133595995542,0.06949607650900472,0.2640833123558479,6.8843251849125,33.08,0.4501255727054532,0.8024845437819219,0.1716133393056821,0.8195406847580123,0.002673247912820513,中等破坏
框剪,430.69,0,10,2.097,40.2,5.4,3.9,23.4,23.4,0.3023918773435,0.03885129225002083,0.017477551122698838,0.12847994658893558,0.026232328244101436,2.13193151189382,29.61350407389687,0.2638306224202379,0.16796927135553447,0.07054970033922438,0.17073656906666068,0.002249462625423791,轻微破坏
剪力墙,591.0,0,3,0.237,7.95,2.72,2.74,55.02,14.02,0.268881,0.017078,0.001826,0.063516,0.007983,0.798518,12.15,0.249373,0.057015,0.675529,0.524257,0.00017058823529411763,基本完好
砌体,508.08,0,3,0.119,9.0,3.0,3.0,4.6,3.0,0.300400244795,0.05015308577359078,0.019672633076039003,0.1669542107324726,0.03342189826218422,2.6774748527001826,41.63493248440296,0.2610814307445364,0.17328128336528903,0.06715962740592606,0.43179920006116207,0.0002686678242676365,基本完好
砌体,375.16,0,3,0.119,9.0,3.0,3.0,4.6,3.0,4.389037796045,0.2744241014789641,0.03044452788049567,0.06252488910581952,1.1504821092363229,4.420717425542182,1.2202856619987013,4.985325174985363,0.8080879422830818,2.301605223433909,7.194547078586053,0.00942648038584086,倒塌
剪力墙,329.52,0,22,3.1,66.9,6.0,2.9,30.6,30.6,0.9699263975888925,0.1362985604303132,0.05472784480724015,0.1405246426627146,0.2279799441635802,4.899246168724875,20.25,1.186913677914833,0.8951805939153479,0.188689276718436,0.3975699629783196,0.00989275862068966,倒塌
框架,314.33,0,15,3.014,53.4,4.2,3.4,96.9,22.2,0.844533363279842,0.06905281288782077,0.008262205375363367,0.08176445820878676,0.07246083217267714,2.444772273434769,16.32,0.9806997462309117,0.4685635196840253,0.1018552440835054,0.3189857266639053,0.001158852941176471,基本完好
框剪,423.4,0,10,2.097,40.2,5.4,3.9,23.4,23.4,1.5448827624300001,0.41533157368555046,0.4937640548268187,0.268843425395116,0.775622421311174,10.90718485568771,23.303180912832083,1.5122034658920398,0.9582924840308134,0.432453312511752,1.4774852517286003,0.01115080509954754,倒塌
剪力墙,257.0,0,1,0.257,8.89,8.89,8.89,71.55,27.76,0.120235,0.005192,0.000481,0.043185,0.000964,0.272742,19.815,0.068649,0.016112,0.196106,0.186229,1.2514220705346982e-06,基本完好
框架,287.0,1,3,0.56,12.34,3.2,4.57,35.47,11.41,0.044632,0.001865,0.000285,0.041789,0.00016,0.108952,11.935,0.031884,0.008184,0.091174,0.045251,1.6998827667057444e-05,基本完好
框剪,253.72,0,10,2.097,40.2,5.4,3.9,23.4,23.4,0.827689889852,0.3470093083443262,0.29281505547161274,0.41925038906343925,0.54973396823156,12.791244002452718,51.01530857729618,0.6444947726687343,0.8237356929693138,0.24606377446257996,1.9681687121887437,0.01066427976891766,倒塌
剪力墙,411.0,0,1,0.168,5.03,5.03,5.03,84.12,102.11,0.335815,0.010724,0.001273,0.031936,0.005795,0.690923,10.09,0.195493,0.044651,0.547108,0.519245,9.343936381709732e-06,基本完好
剪力墙,561.43,0,16,1.91,49.5,6.0,2.9,30.6,30.6,6.998273181076772,0.5290631745263112,0.1276101468387426,0.07559910292683206,2.888805416394427,9.344411564864254,4.08,5.942439481771538,2.886423907989669,0.7755491027251509,5.039088181151556,0.011766448275862077,倒塌
框剪,279.46,0,10,2.097,40.2,5.4,3.9,23.4,23.4,0.4404636253535,0.1535088183290591,0.17704771622683982,0.34851644833522527,0.1069647107233477,4.196073652687171,29.625498173794945,0.518506502488845,0.37383361620252153,0.14243249550616316,0.7938933935805186,0.009528343341113849,严重破坏
砌体,545.66,0,3,0.119,9.0,3.0,3.0,4.6,3.0,0.8548931265813525,0.05791500079544379,0.00582236053122164,0.06774531107419371,0.08194610092324765,2.364112005221816,11.73,1.152202740387347,0.4121559348302165,0.1260990909714272,2.438497305907096,0.00047346413521020435,轻微破坏
框剪,256.0,0,10,2.097,40.2,5.4,3.9,23.4,23.4,2.09963514628,0.2703931442087525,0.10756580487925206,0.12878101449569365,1.2467777344370856,16.707690429036788,40.948068768429614,1.4034110885909936,1.4472554281263108,0.4136180291606169,1.987998367216537,0.01237275138659293,倒塌
剪力墙,469.64,0,10,0.91,32.1,6.0,2.9,30.6,30.6,1.083455363305,0.1279865466896965,0.05044463256456058,0.1181281214015897,0.4392207182431609,8.936565531641545,31.7572249498509,0.9914346415083053,0.8064397499623539,0.2787672752729746,2.014311405629069,0.003652104349837491,中等破坏
框剪,273.0,1,10,1.023,43.89,5.18,3.66,42.98,57.91,0.98705,0.21957,0.12947,0.222451,0.375677,7.148651,24.22,0.763891,0.985968,2.145617,2.660495,3.994293865905884e-05,基本完好
砌体,397.27,0,2,0.112,6.375,3.125,3.25,10.125,9.125,2.58348741196,0.1408893028752007,0.014213900197415794,0.05453454203917061,0.7454947807649126,6.129988495905262,8.570039047103485,2.6190200089052307,0.38947457230329585,0.6991213376681402,3.238907456379615,0.00637872722193907,严重破坏
剪力墙,267.0,1,18,1.332,79.55,3.96,4.11,76.5,36.58,0.099553,0.003995,0.000436,0.040134,0.001084,0.281767,12.42,0.089022,0.019621,0.23982,0.023634,2.536458333333333e-05,基本完好
砌体,406.7,0,2,0.112,6.375,3.125,3.25,10.125,9.125,1.0108890952999998,0.14825807661802265,0.21314495941249584,0.14666107024729982,0.21706426982323437,6.13355246832735,35.31563112042372,0.9136958840422135,0.520324272058468,0.18583706544301257,1.4941740430101327,0.001138782363003608,中等破坏
框架,996.43,0,15,3.014,53.4,4.2,3.4,22.2,96.9,0.6078522288067029,0.02230662018557332,0.001419548956500223,0.0366974391611005,0.02681082954169673,1.30827087363731,9.15,0.7379059835497617,0.151184370153915,0.06470336110476396,0.06828665512859208,0.0018842352941176473,轻微破坏
砌体,454.56,0,3,0.119,9.0,3.0,3.0,4.6,3.0,0.495112123582908,0.03428842031364122,0.004455123568356822,0.06925384913928394,0.02386921290139618,1.181101308646104,11.03,0.4085479214173233,0.3376879755601995,0.07474819375748297,0.7565253485530729,0.00024642086095774646,基本完好
剪力墙,352.79,0,22,3.1,66.9,6.0,2.9,30.6,30.6,0.1577312373315,0.01190524849584688,0.0018400152440258284,0.07547806444214916,0.00363385128930016,0.5311496830760861,11.033826655736261,0.1360161401012814,0.04196061004446629,0.04301720120370573,0.01461863036671494,0.0006646150592560298,基本完好
剪力墙,564.93,0,22,3.1,66.9,6.0,2.9,30.6,30.6,0.06961010239575,0.004345183374994554,0.0006567167524801462,0.062421735142568144,0.00024940973624754044,0.10984956407841581,6.461477160077694,0.045817495073327094,0.013165501600921161,0.01472693767182502,0.0033819609670886104,0.0005698950017694165,基本完好
框架,342.0,1,2,0.562,12.4,4.71,3.83,34.35,42.86,0.563959,0.016887,0.000947,0.029944,0.005481,0.301089,2.005,0.286807,0.054389,0.840942,0.232511,5.8968347010550986e-05,基本完好
砌体,621.2,0,3,0.119,9.0,3.0,3.0,4.6,3.0,0.8953578342484999,0.021553844558197418,0.0031608533361156483,0.02407288319120834,0.014820582280854618,0.47234149090644145,2.730662978484405,0.2895775730653655,0.054530032555382496,0.17463055579907913,1.8073267043183288,0.0005723932941041067,轻微破坏
框架,570.88,0,10,2.285,34.8,4.2,3.4,96.9,22.2,0.103700224292,0.004861111447708191,0.0008811670485348241,0.04687657602379172,0.0011147645554499851,0.30388684264888605,12.396155716237939,0.10196605090919181,0.01711275014295576,0.02247862375905435,0.010269902124441017,0.0003507044180251052,基本完好
框架,324.2,0,10,2.285,34.8,4.2,3.4,22.2,96.9,0.2812425567533604,0.01844897968697977,0.01009792610405736,0.06559810826623534,0.01789506556623009,1.333539551646217,17.2,0.2068831891544214,0.1448349163795271,0.06000595816821692,0.1843978034594853,0.0007941176470588232,基本完好
框架,362.0,0,32,2.743,102.72,3.66,3.1,31.55,27.13,0.051373,0.001726,7.6e-05,0.033592,0.000165,0.103515,10.88,0.021863,0.004473,0.066017,0.000758,1.8272425249169436e-06,基本完好
框架,274.0,0,3,0.605,13.68,4.56,4.56,30.86,76.0,0.064868,0.004318,0.000277,0.066572,0.000284,0.118469,10.67,0.060904,0.014018,0.168023,0.068068,8.785557986870896e-05,基本完好
砌体,380.89,0,3,0.119,9.0,3.0,3.0,4.6,3.0,5.046804072188232,0.4157882797916854,0.1632700524611435,0.08238645167205881,1.461587248415633,9.156249903441187,9.370000000000001,4.529280848790531,1.631587422832812,0.4777317305256286,6.29541425444258,0.008597890673895813,倒塌
框架,506.64,0,15,3.014,53.4,4.2,3.4,22.2,96.9,0.18845047038999999,0.03436490381604596,0.02304842560985883,0.18235509704447794,0.01680194271850102,1.9211846092848504,36.67957724685678,0.16844231381046182,0.0833419688108423,0.05073284800393333,0.0530123171144774,0.002063813684855286,轻微破坏
框剪,216.8,0,10,2.097,40.2,5.4,3.9,23.4,23.4,0.44055874985849997,0.19796774144571616,0.16988768916991764,0.44935605412286117,0.16398836564887778,7.105526055945181,56.30229349925398,0.27609450360486326,0.4646791673063977,0.12792785841047682,0.7495839307385462,0.009227702448379796,严重破坏
框架,367.53,0,10,2.285,34.8,4.2,3.4,22.2,96.9,2.872864002706314,0.1759890056131643,0.02730665596385348,0.06125907994509242,0.8652074126568806,5.382463911631951,3.080000000000001,3.670494599731646,1.299650064130429,0.3935357553138971,0.9365092409550848,0.006421294117647059,中等破坏
框架,365.0,1,2,0.565,12.5,3.81,4.42,61.42,30.18,0.049321,0.003354,0.000722,0.06801,0.000546,0.261209,26.32,0.05154,0.019225,0.144019,0.121809,7.047387606318347e-06,基本完好
砌体,425.34,0,2,0.112,6.375,3.125,3.25,10.125,9.125,1.485546527610234,0.1815773451419362,0.03124014397857906,0.1222293221835574,0.2610309444673001,4.836976111126004,15.69,0.9788746840662388,1.202293981276277,0.1645592633205925,1.442734462898069,0.0016227707295977663,中等破坏
砌体,653.56,0,2,0.112,6.375,3.125,3.25,10.125,9.125,0.7733733521424471,0.01461173304539531,0.0009957232846537648,0.01889350467651487,0.02816819445767305,0.9834123659087606,6.125,0.7523436951697257,0.1069593346407369,0.08934047870815973,2.736474962455758,0.0006319810549284426,轻微破坏
剪力墙,323.54,0,22,3.1,66.9,6.0,2.9,30.6,30.6,0.8500328708794999,0.027603599209233384,0.004080584006618187,0.032473566793567506,0.017106854156277027,1.1938130147911021,18.04647830055673,0.34086381733713733,0.08524756466351407,0.07298111573802428,0.02060132015818148,0.001416094137148787,轻微破坏
剪力墙,432.47,0,22,3.1,66.9,6.0,2.9,30.6,30.6,0.17232000213749998,0.008696064266160618,0.0008859912632833706,0.05046462487402787,0.0026054785361126647,0.46122893847808866,14.111017474815206,0.1507392044168368,0.025341206066247058,0.03220966730928544,0.005717568944225458,0.0005787575257417677,基本完好
剪力墙,346.82,0,10,0.91,32.1,6.0,2.9,30.6,30.6,3.181206771582803,0.1631470306671081,0.02080196665579589,0.05128463579433871,0.6872715373180819,5.992239083253594,7.715,3.321949882584955,0.8884654837330177,0.3782808111683307,3.883285571818129,0.0024937931034482766,中等破坏
砌体,385.43,0,2,0.112,6.375,3.125,3.25,10.125,9.125,1.558664325804794,0.1523055721758016,0.05989420171202086,0.0977154411339727,0.5516424171484656,8.587866771342357,30.29,1.627327072141642,1.535089288059319,0.2517697972214607,1.924126146867079,0.0019245412522183305,中等破坏
框架,305.14,0,15,3.014,53.4,4.2,3.4,22.2,96.9,0.3942017856377605,0.03217494540178186,0.008255349002210373,0.08162049633978075,0.04354325921528145,2.059763471192047,20.615,0.6765738834285046,0.3435022506883173,0.0909291444672883,0.1127168396502696,0.0017843235294117646,基本完好
剪力墙,537.95,0,16,1.91,49.5,6.0,2.9,30.6,30.6,0.6947164377139055,0.01910889842048059,0.002824478929430107,0.02750604042616582,0.0343455097978146,1.476963054500492,10.945,0.6929762531745469,0.08580593078975184,0.07323755699996533,0.05634696405313857,0.0016642413793103432,轻微破坏
框架,211.97,0,15,3.014,53.4,4.2,3.4,22.2,96.9,0.38599474539149997,0.11147080096339657,0.09471628287120315,0.2887883897236371,0.16642031443610858,9.018765255905835,86.64943411705904,0.27475625347828125,0.4868226435764218,0.10388239595973627,0.6297390625161461,0.007446980204825015,中等破坏
框剪,306.6,0,10,2.097,40.2,5.4,3.9,23.4,23.4,0.1900688618395,0.008931254790889825,0.0006714324682627967,0.04698957369688283,0.003563264423117802,0.5254784462091153,13.131339858843578,0.17124948151175295,0.02883964246099134,0.03904731347610024,0.012211315995616706,0.0003139205856980142,基本完好
剪力墙,567.64,0,10,0.91,32.1,6.0,2.9,30.6,30.6,0.07563364102525,0.021014407460495856,0.02319147559925535,0.277844715336133,0.003553744617952805,0.7965670784510706,31.367138299340596,0.05109144649179262,0.08047684261041028,0.025230584526576456,0.26653643294234597,0.0004787758292686377,基本完好
剪力墙,364.91,0,16,1.91,49.5,6.0,2.9,30.6,30.6,1.319631913008976,0.09974086904694203,0.009684847767934093,0.07558234085103066,0.1540081508936894,2.828656893013858,8.555,1.599674780879704,0.5855514748405795,0.1661765288786798,0.6791093149629374,0.0014435517241379301,轻微破坏
剪力墙,411.0,0,1,0.168,5.03,5.03,5.03,102.11,84.12,0.101107,0.005643,0.000479,0.055814,0.000907,0.398492,37.6,0.071691,0.018256,0.195226,0.173077,1.1729622266401585e-05,基本完好
剪力墙,585.04,0,10,0.91,32.1,6.0,2.9,30.6,30.6,0.03601506922475,0.005787655301144265,0.0023599055877478055,0.1607009350732253,0.000270305588380539,0.15019456630696298,15.48386705360462,0.01999804870758083,0.026710140787065628,0.009903973037989138,0.08545952266035119,0.0003795828917044807,基本完好
框剪,375.22,0,10,2.097,40.2,5.4,3.9,23.4,23.4,1.437378447558389,0.148730677260384,0.02198131323883524,0.1034735685045412,0.2920892443630614,4.666847569781174,12.6,0.9302447259139096,1.509925526013037,0.2387581836896095,2.479994695512776,0.0035037435897435896,中等破坏
框架,426.0,2,7,1.454,44.08,5.17,4.86,96.37,92.42,0.270337,0.010396,0.001887,0.038455,0.001585,0.441886,41.445,0.070149,0.020245,0.230914,0.043146,0.00014136,基本完好
剪力墙,450.28,0,16,1.91,49.5,6.0,2.9,30.6,30.6,0.41304658554949997,0.025643615193324375,0.0020377648230302074,0.062084074994129726,0.01280953220950149,0.7234296325568252,6.567566285561429,0.36201043915948694,0.06073193868123699,0.10468538549719383,0.03883498202191877,0.0007326526731241756,基本完好
剪力墙,271.1,0,10,0.91,32.1,6.0,2.9,30.6,30.6,0.708719142446,0.1304866879482192,0.08177280035502317,0.1841162177415879,0.1843111687762962,5.412441727406916,23.545967091872505,0.4586757133467989,0.6432539768259997,0.20971969343840363,2.5819409628119474,0.002957609449657103,中等破坏
剪力墙,193.69,0,10,0.91,32.1,6.0,2.9,30.6,30.6,0.610919775592,0.18586355261610207,0.20230288851719372,0.3042356133192686,0.2659469210370439,7.688695567320834,39.044738148412705,0.666604382268345,0.5161904079040196,0.19563109240854148,1.2503236984351818,0.003007559517758266,中等破坏
框剪,2016.13,0,10,2.097,40.2,5.4,3.9,23.4,23.4,4.07749327419,0.4427061046893164,0.050065505311549886,0.10857310482682786,0.934753795252065,4.61609641291433,4.333415833395655,3.884188395940848,0.8986443721504611,1.1009182970006914,0.6711409366904482,0.006787145517168837,严重破坏
剪力墙,322.53,0,22,3.1,66.9,6.0,2.9,30.6,30.6,0.108299543142,0.006325834419933482,0.0006858616164572891,0.058410536521277714,0.0008455312289165274,0.2606663992328686,16.277638976748893,0.09535920290699368,0.01712156055487693,0.01708404765685751,0.005644797827514466,0.000558585462368447,基本完好
砌体,208.56,0,2,0.112,6.375,3.125,3.25,10.125,9.125,1.35302742316,0.148972099685369,0.19725198157413332,0.11010279402722244,0.3916344348875981,6.727783544955486,16.267585390060695,1.358480802189196,0.5081952644605605,0.3677905292352566,2.1254672165875075,0.002110326649783611,严重破坏
剪力墙,477.22,0,10,0.91,32.1,6.0,2.9,30.6,30.6,0.5921420954872403,0.02623004280402819,0.002032226266274032,0.04429687232833019,0.02211599505390188,0.6408723306282801,2.425,0.7481916161510219,0.1536627222359862,0.1163094395082991,0.7511517469096474,0.000496103448275862,基本完好
框剪,379.32,0,10,2.097,40.2,5.4,3.9,23.4,23.4,0.08089740944599999,0.00504065611585138,0.0005507189713912643,0.06230924018915685,0.0010361573665076923,0.30770117200891767,15.433917492578797,0.0770988548107048,0.017607720944187364,0.01942211075375301,0.00716539850807334,0.0002386307077610536,基本完好
框架,362.0,0,32,2.743,102.72,3.66,3.1,31.55,27.13,0.030541,0.000634,3.2e-05,0.020749,3.6e-05,0.042733,7.335,0.011981,0.001968,0.039322,0.000256,8.305647840531554e-08,基本完好
框剪,597.34,0,10,2.097,40.2,5.4,3.9,23.4,23.4,0.09752913480659998,0.0026185797755350895,0.00029772761317489255,0.02684920542694987,0.0012520125252545612,0.32410807002272257,11.997947292573377,0.06035120023360937,0.006589447434089044,0.024214333296679325,0.006100404403382842,0.0002342126692822155,基本完好
剪力墙,267.67,0,16,1.91,49.5,6.0,2.9,30.6,30.6,1.059462317187196,0.2107189961030064,0.05183002497607483,0.1988923935137701,0.1488017373159887,3.879587714397207,21.39,0.5678703760129902,0.9657380023406398,0.1206891494760369,2.085054581870134,0.005657827586206897,严重破坏
剪力墙,337.0,0,5,0.354,13.58,3.05,2.64,16.62,111.26,0.290533,0.023623,0.017098,0.081311,0.022018,2.058971,40.82,0.283568,0.09771,0.797474,1.224002,0.00023672131147540998,基本完好
砌体,398.81,0,2,0.112,6.375,3.125,3.25,10.125,9.125,0.5566934140845,0.10262343667517475,0.0891804941266279,0.1843446214357363,0.15282556220917312,5.5601550562436834,33.85038309710657,0.45940665108853607,0.3923888945121786,0.15927142327384247,0.5865133411385508,0.0006198128342259088,轻微破坏
框架,179.0,0,15,3.014,53.4,4.2,3.4,22.2,96.9,1.283121177428293,0.1270871343917126,0.05377245633911477,0.09904530969275101,0.265323300514309,4.592690512447854,15.24,1.892107782520067,0.7558038477582938,0.2356277794768594,0.3130218087350585,0.005436794117647056,中等破坏
框剪,351.0,0,5,0.475,15.8,5.64,2.84,78.94,45.41,0.099227,0.002786,0.000197,0.02808,0.000361,0.126378,8.58,0.068378,0.010445,0.187939,0.100396,3.795233892321272e-06,基本完好
砌体,227.18,0,2,0.112,6.375,3.125,3.25,10.125,9.125,0.569978384773,0.15005690873855618,0.1237333404061495,0.2632677181228863,0.1192526462632442,4.094859713581533,22.107264533940736,0.3643702801361104,0.5413772293674315,0.1740957472609582,0.6139430448624006,0.0006277293899849516,轻微破坏
框架,307.0,1,2,0.607,13.74,5.0,4.37,66.09,69.93,0.041343,0.002248,0.000185,0.054374,0.00014,0.112202,15.125,0.02948,0.007483,0.081215,0.044258,8.004268943436498e-06,基本完好
框架,493.5,0,15,3.014,53.4,4.2,3.4,96.9,22.2,0.3535498883528493,0.03144768679181489,0.01225824110178607,0.08894837144009932,0.01784186322307524,1.109105456567624,13.265,0.441914368539011,0.2465360284972174,0.05277942717206052,0.2614545062518128,0.0011387941176470592,基本完好
框架,322.53,0,10,2.285,34.8,4.2,3.4,96.9,22.2,0.0976362234246,0.006114872682045275,0.0006643145024759958,0.06262913975536458,0.0013248070818181615,0.38047641573246044,23.734813555864307,0.09098110963388409,0.017519861930180902,0.017709449536621215,0.009222849522050422,0.000391429529363517,基本完好
框架,316.02,0,15,3.014,53.4,4.2,3.4,22.2,96.9,2.492473457074249,0.09268135336108788,0.02610886246637358,0.03718448960731579,0.5017148057817693,4.849226514122657,7.880000000000001,3.460779566796277,0.6808608984593105,0.2798982438102747,0.4193447191954405,0.0046379117647058835,中等破坏
框剪,362.38,0,10,2.097,40.2,5.4,3.9,23.4,23.4,5.712243885011357,0.2395024707150175,0.02254437215464451,0.04192791406253855,3.63302733042281,15.05129670610733,12.32,5.868895560024136,2.407465021013391,1.010728747901745,0.9692459627076555,0.009397692307692308,严重破坏
框架,396.93,0,15,3.014,53.4,4.2,3.4,22.2,96.9,0.6656633398205,0.12083853596615092,0.11783625836741946,0.1815310063473463,0.10867560216401191,3.9535065190940077,22.472564871045016,0.5893288567291796,0.49339560774557184,0.16483952721874243,0.49406373588582175,0.005579657930364983,中等破坏
框剪,212.0,0,10,2.097,40.2,5.4,3.9,23.4,23.4,0.9955544785311757,0.04325267456093677,0.01136143859316388,0.04344581385917828,0.1214185588744257,3.039059579863454,13.01,1.55173560904867,0.4583247501884888,0.137685152223257,0.4131453536251028,0.020152128205128208,倒塌
框架,219.31,0,15,3.014,53.4,4.2,3.4,96.9,22.2,1.472195513937544,0.06498488522241179,0.004916898312626839,0.04414147754641825,0.1015118355417875,2.379501050907249,10.15,1.161442510002691,0.5303393975220532,0.1258933847029675,0.3577983384118649,0.0024328529411764706,轻微破坏
剪力墙,305.0,0,1,0.133,3.66,3.66,3.66,29.61,29.61,0.077532,0.002827,0.000168,0.036456,0.000842,0.281195,13.325,0.055264,0.009254,0.162422,0.242866,5.464480874316999e-07,基本完好
砌体,573.02,0,2,0.112,6.375,3.125,3.25,10.125,9.125,3.255610686335,1.095194732728765,0.9657495090842391,0.3364022416211194,2.972995607939087,21.710314829320964,26.888229218086042,3.045446106056213,1.8698363791827233,0.7882022802129562,5.9767848446331735,0.01609593069196638,倒塌
框架,309.41,0,15,3.014,53.4,4.2,3.4,96.9,22.2,0.9682408906876001,0.06233087240687392,0.01151683856439289,0.06437537704342294,0.09003939938224056,2.414393269098905,14.02,0.9707689227156487,0.5041838894338044,0.130894555652444,0.2395164986313985,0.0016121176470588236,基本完好
框剪,573.04,0,10,2.097,40.2,5.4,3.9,23.4,23.4,0.345233894999,0.03901487742975228,0.05645139634636352,0.11300998538936999,0.029834560574355965,2.45710815163898,34.358693439496406,0.2625980472295848,0.16162944218796066,0.06984947665706946,0.2361142244907055,0.003157712091431255,中等破坏
剪力墙,522.0,0,1,0.269,9.45,9.45,9.45,15.24,18.9,0.292445,0.01223,0.000563,0.041818,0.001836,0.257338,6.89,0.172757,0.034276,0.47526,0.570505,1.873015873015873e-05,基本完好
砌体,373.07,0,3,0.119,9.0,3.0,3.0,4.6,3.0,4.027300885009618,1.114712993811948,0.4463786192486294,0.2767891015943512,2.569624043675487,12.78019390915045,12.53,2.235399297548374,2.210943780467346,0.7490113302502083,3.571094067290883,0.0058448782103241925,严重破坏
框架,257.21,0,10,2.285,34.8,4.2,3.4,96.9,22.2,0.6457788994901748,0.08325438448968274,0.04221548257792241,0.1289208807463512,0.1221332909046164,4.711934943338389,35.06,0.5211489596771983,0.6359871976688093,0.1127310622860341,0.5966283436048989,0.0055840294117647064,中等破坏
剪力墙,308.71,0,16,1.91,49.5,6.0,2.9,30.6,30.6,1.045081132586451,0.05443204655877485,0.005202161535265985,0.05208403908705352,0.1136523096457222,2.642681831555986,11.355,1.433808292715608,0.3981253883204978,0.1520899912947561,0.2355767838550826,0.002091137931034482,中等破坏
